motif	tau	std
NKX23.H14CORE.0.SM.B	0.0006197579192528013	0.0002360537692807178
PURB.H14CORE.0.B.B	2.685928018866652e-16	0.00028479753824133875
CUX2.H14CORE.2.S.C	0.0009636832642995278	0.00016649406607917083
ZN665.H14CORE.0.PSG.A	0.00027495158499497683	0.00020714329091316418
ZN646.H14CORE.0.PSG.A	3.518635223029485e-05	0.00023638357262955136
ZFP28.H14CORE.0.P.B	5.22486592990914e-15	0.00016129378197978576
ZN213.H14CORE.0.P.C	0.0007218016522246541	0.0001924853393198081
HINFP.H14CORE.0.P.B	0.00011478184261391351	0.0007882202396737346
ZN282.H14CORE.0.P.B	3.413016657039601e-20	0.00038661211153736625
ZN133.H14CORE.0.P.B	9.934516554230288e-05	0.00017554296489172928
IRF9.H14CORE.0.PSM.A	0.004590923670754064	0.00022751254986129566
Z354A.H14CORE.0.P.B	0.001190477670559383	0.0001344314177922655
ZSC31.H14CORE.0.P.C	0.0003001872236419854	0.0005929259747072519
ZBT26.H14CORE.1.SM.B	0.00034679882679734396	0.00026724032563284255
PRD15.H14CORE.0.P.B	2.881868825641619e-05	0.0001420899532317595
ELYS.H14CORE.0.B.B	0.0018960774270239532	0.00016472036618443264
ZN322.H14CORE.0.P.C	0.0009637588280094936	0.0003007838045947815
ZFP90.H14CORE.0.P.C	4.208632334697853e-05	0.00021490479534952764
ZN304.H14CORE.0.P.C	0.0002232672232928541	0.00022203366340014824
ZN689.H14CORE.0.PSG.A	7.087500453254736e-14	0.0001924408401363634
SALL3.H14CORE.0.PSG.A	0.00019946906085594162	0.00024080573265525612
ONEC2.H14CORE.3.P.B	5.821895106426846e-17	0.0002783096965004741
ZN660.H14CORE.0.SM.B	0.000576534020179306	0.00021020674448923786
ZNF92.H14CORE.0.P.B	4.546265155745673e-17	0.0002886642298698972
ZN331.H14CORE.0.P.B	0.0006477605787631943	0.00027149240115971
ZN667.H14CORE.1.P.C	1.1876561232647568e-15	0.0002834524670649794
E2F4.H14CORE.2.S.B	0.0003687236783046401	0.0001596088770809098
OSR1.H14CORE.0.SM.B	0.0008302341730892416	0.0005038010470903739
ZN75D.H14CORE.1.P.B	5.446261372578425e-14	0.00038309715109876544
PAX8.H14CORE.0.PSM.A	7.883227956954605e-14	0.0002557481518958222
FOXB1.H14CORE.0.SM.B	0.0005462500653645644	0.00015712815887629407
ZN716.H14CORE.0.P.C	6.648937001835517e-05	0.000489421162212697
ZN587.H14CORE.0.P.C	0.0011746848101326585	0.00021910885974636652
ZN141.H14CORE.0.P.C	0.0009619231029951667	0.0002741569500758319
ZN681.H14CORE.0.P.C	0.0002769342106497256	0.00017377076477956475
ZN205.H14CORE.0.P.C	0.00018302538310451227	0.00017416097760008443
PRDM6.H14CORE.0.P.B	0.0021331272250856904	0.0003493967529055543
SOX9.H14CORE.2.S.B	0.0014861334712927476	0.0002681953570535127
ZN165.H14CORE.0.P.C	1.2330267947375122e-14	0.00020460014789358782
KAISO.H14CORE.0.P.B	0.0008786719155974482	0.00020151184754930957
ZN507.H14CORE.0.I.B	0.00016166281394912595	0.00016465729590903444
ZN180.H14CORE.0.P.C	0.0017696766728305757	0.0005206228833790628
REL.H14CORE.0.P.B	0.0005737242532151109	0.00033363579823821374
HOMEZ.H14CORE.0.S.B	9.362271043582573e-14	0.0005901141243388724
NANOG.H14CORE.0.P.B	0.0005957178228884847	0.00026587753112011726
ZN479.H14CORE.0.P.C	1.3557520993914952e-15	0.00016661327361405185
ZN483.H14CORE.0.P.C	0.0002581136309882597	0.00020991705900946813
ZN302.H14CORE.0.P.B	2.7329140725121524e-13	0.0002483221632198897
ZN773.H14CORE.0.PG.A	2.1498377039571422e-05	0.00020126156426279575
RARG.H14CORE.0.P.B	0.0015911370914676085	0.0002816403501350097
STF1.H14CORE.0.PSM.A	0.0008912811840359193	0.0002887003233498284
ZN730.H14CORE.0.P.C	0.00036189905907605747	0.0001664458225266143
CASZ1.H14CORE.0.SGI.A	5.470686923618922e-15	0.00026701879369659683
MYPOP.H14CORE.0.PSGB.A	0.00037643046520905414	0.00015803350697317372
ZF69B.H14CORE.0.P.C	0.00020445040400644964	0.0002660985731007359
CGBP1.H14CORE.0.PSGIB.A	0.0016966415999963263	0.00042045723965029863
NR1I2.H14CORE.0.M.C	6.570581608720154e-12	0.0003321997269017801
ETV7.H14CORE.1.P.C	0.0013227730111297854	0.00019721016782528407
ZN134.H14CORE.0.P.C	7.72531017309786e-16	0.00018610521986929608
MBD1.H14CORE.0.PSIB.A	0.003063659413467446	0.00015483799087146383
ZN335.H14CORE.0.PSG.A	0.000912970330931611	0.00021359225156673795
THA.H14CORE.2.S.B	6.270326598908541e-05	0.00017123199081177476
ZN749.H14CORE.1.P.C	0.0004912486834686513	0.0002915543803312181
ZN664.H14CORE.0.P.C	7.715133899283942e-17	0.0002320158883107002
DPF1.H14CORE.0.SM.B	0.0008021964110495254	0.00020677659161616783
HSF2.H14CORE.0.PSM.A	0.0003905507437008127	0.00019572637917696849
BARX1.H14CORE.0.P.C	0.0006440560733671889	0.00014850150234693198
MYCN.H14CORE.1.M.C	0.0008988762852449971	0.00039016566143683227
MEF2D.H14CORE.1.M.C	4.639221586211836e-05	0.0001782268013154002
ZN208.H14CORE.0.SGI.A	0.0010465406748144	0.00033555647010069886
ZN772.H14CORE.0.PG.A	8.440346655652192e-06	0.0003411969412941657
RLF.H14CORE.0.PSGI.A	0.0010531558477426463	0.00020953480507344475
TIGD7.H14CORE.0.SGIB.A	4.787858564632583e-16	0.00031080121932922506
ZN480.H14CORE.0.P.C	0.001969211542120595	0.0001523676601213354
OLIG1.H14CORE.0.S.B	0.0012240269048999157	0.0001747652948032298
ZN766.H14CORE.1.P.B	0.00036746403009725424	0.0002418755084397829
ZN124.H14CORE.0.P.C	0.00016685200185604366	0.00017112023234762972
PRDM5.H14CORE.0.PSGI.A	1.0719211341313189e-17	0.000207030757594804
ZN251.H14CORE.0.PSGI.A	0.00014658396519772238	0.00048181011831763054
GLI2.H14CORE.0.PSM.A	3.3017305536173315e-14	0.000405979934230897
NANOG.H14CORE.2.M.C	4.3908761709378455e-18	0.0003229054495674703
PO2F2.H14CORE.1.M.C	0.00014760371650114336	0.00017126487166828697
ZN627.H14CORE.0.P.C	0.00018231131300809746	0.00043752553581046026
ZF64B.H14CORE.1.P.B	0.0010320217036386896	0.00022704730512874025
FOXR2.H14CORE.0.M.C	4.331046874276798e-13	0.00027749503925831453
ZNF12.H14CORE.0.P.C	0.0007176123801158083	0.0003078133303763542
ZN233.H14CORE.0.PG.A	2.3072692697048478e-17	0.00023769602843160158
ZN526.H14CORE.0.S.C	0.0005926596696989099	0.00017781676969331377
ZN841.H14CORE.0.PSGI.A	3.086730860777256e-14	0.00017217720937930483
ZN136.H14CORE.0.P.B	1.530201292801461e-15	0.00022423012279647867
TEAD1.H14CORE.2.S.C	0.0002636573751896425	0.00020956341502263937
FWCH1.H14CORE.0.PSGB.A	0.000123453225575915	0.00024486915416910266
ZN273.H14CORE.0.P.C	1.991669313332441e-19	0.0004205379728758622
ZN222.H14CORE.0.P.C	3.384569758489623e-15	0.0001800549453677893
CXXC4.H14CORE.0.PSGIB.A	0.0015525666930656476	0.00024980239362901836
DACH2.H14CORE.0.S.B	3.930283299244043e-16	0.0004672689464894869
ZBTB2.H14CORE.0.SM.B	7.781559834687659e-14	0.00019287175290408362
ZN766.H14CORE.0.P.B	5.564539017386205e-05	0.00018589133465184016
TERF1.H14CORE.0.PSGB.A	1.756826608355313e-17	0.00013542829864277302
TCF20.H14CORE.0.B.B	0.00026924991248814564	0.000247381479199502
ZSC25.H14CORE.0.PSG.A	0.0011927818602147618	0.00015842267491350952
GRHL1.H14CORE.1.PS.A	0.0003727366285994388	0.00022022542964370123
TIGD4.H14CORE.0.SGI.A	1.336283385759738e-14	0.0003387708966864675
ZNF81.H14CORE.0.P.C	8.7751233767068e-14	0.00021569906706946974
ZNF26.H14CORE.0.P.B	0.000891979978460755	0.0002837924788665328
ZN394.H14CORE.0.P.C	5.164390669729337e-17	0.0001417135453442301
Z587B.H14CORE.0.SG.A	8.020986478285327e-05	0.0002446407846287396
BCL6.H14CORE.0.PSM.A	0.00024697830695015677	0.0002627878911197815
ZN567.H14CORE.0.P.C	0.00025805096535965475	0.00015934377754441695
SUH.H14CORE.0.P.B	0.00027451270177494884	0.0003005156538566825
SP100.H14CORE.0.PSGI.A	0.0004954751050661929	0.00019250235885854357
FOXK1.H14CORE.0.PS.A	0.0022222627447912287	0.00016798075688048326
ZN749.H14CORE.0.P.C	0.0017258247784812835	0.0002326758742254565
ZFX.H14CORE.0.P.B	0.0012398797117641025	0.0002378697396144019
SRF.H14CORE.0.PSM.A	0.00013033160989502524	0.00013543687498219256
Z280A.H14CORE.0.P.B	2.1193062404080387e-16	0.00014035604069572086
ZN778.H14CORE.0.P.C	0.0022160665515783993	0.00022531180272362435
SPI1.H14CORE.0.P.B	0.000525905297001879	0.00014393699286995864
PO3F2.H14CORE.0.P.B	0.0005942642115988251	0.00025957990776202057
SRBP2.H14CORE.1.P.B	3.797353898596844e-16	0.00020787124640329608
Z705G.H14CORE.0.P.C	0.0009232844684801178	0.00030681905665571485
ZN649.H14CORE.0.P.C	0.0005416997742588018	0.00016204412137578352
GRHL2.H14CORE.0.P.B	0.0002966142951406533	0.00022390753062152846
ZN528.H14CORE.0.P.B	1.4911224367008922e-15	0.0002780959214189904
PRDM9.H14CORE.0.P.B	0.00022764981287237435	0.00015507242026931845
ZN433.H14CORE.0.P.C	2.561836783299278e-16	0.0001432141655598946
ZN283.H14CORE.0.P.C	0.0004942590353402312	0.00022551415889256426
ZKSC1.H14CORE.0.P.B	0.0005571491466318868	0.00016716386402918954
HNF1A.H14CORE.0.PS.A	5.218765228009585e-15	0.00020213277667570725
ZN558.H14CORE.0.P.B	3.02856082856459e-15	0.00020247909510772607
CUX1.H14CORE.2.P.C	0.000657103985758118	0.00015897843582946778
ZN112.H14CORE.0.P.C	3.067499492541596e-18	0.00023469997740313434
REST.H14CORE.0.P.B	0.0021841619120854115	0.0002070213806534248
ZBT7B.H14CORE.0.SM.B	0.0002005285888696222	0.00018385298162852356
ZN132.H14CORE.0.P.C	2.6114515203667572e-15	0.0005253457671458142
BATF2.H14CORE.0.PSG.A	0.0002739181192281654	0.000204390573565881
ZN480.H14CORE.1.P.C	4.751507123343605e-13	0.00018871659474398544
ZN143.H14CORE.0.P.B	0.002330155513390371	0.0002916330701477824
MSD4.H14CORE.0.SGIB.A	0.00037042424115875063	0.0005950291655012227
ZNF16.H14CORE.0.P.C	0.0002720555839056397	0.0001937934259983038
ZNF43.H14CORE.0.PSGI.A	7.669256344528569e-11	0.00018960141121954587
ZFP91.H14CORE.0.SGI.A	0.0007832527858041535	0.0005109578439614086
TBX5.H14CORE.1.P.B	9.72451050670296e-05	0.00016727002786915077
HMX1.H14CORE.0.SM.B	0.00017437540898374083	0.00015932415952930767
ZN317.H14CORE.0.P.B	1.31586550784299e-15	0.0002188656865700013
NACC2.H14CORE.0.PSGIB.A	0.0009801343996942904	0.0004265709979186248
ZN787.H14CORE.1.S.C	2.4259292670382565e-15	0.0004161430525556336
ZN239.H14CORE.0.P.C	0.0005291090387886164	0.0001480234565274577
ZBT16.H14CORE.0.P.B	0.0009678334451491272	0.00016077685658490965
ZN502.H14CORE.0.P.C	6.676774484969551e-15	0.0002265542917133032
ZN37A.H14CORE.0.P.B	3.348822144186587e-17	0.00022243442649572738
ZKSC8.H14CORE.0.P.B	3.656204532971987e-16	0.0004811081758896979
MYSM1.H14CORE.0.P.B	5.746250783075194e-05	0.00020950239929813083
ZF64B.H14CORE.0.P.B	0.0007004997175945148	0.00027917928760535967
ZN214.H14CORE.0.P.B	4.248416596575763e-15	0.0002105323349391287
ZN142.H14CORE.0.PSGI.A	0.000805991602387542	0.0002884166249239457
ZSA5A.H14CORE.0.SM.B	0.0001908992140970461	0.000254174111834813
ZNF24.H14CORE.0.P.B	0.001075975375092518	0.0002673389110264301
FIZ1.H14CORE.0.PSGI.A	0.00038371511671545183	0.0002601947416366786
VDR.H14CORE.0.PS.A	0.0001915393315745662	0.0001843517680718196
ZN490.H14CORE.0.P.C	0.0006521184786232679	0.0001621282841666415
ZXDA.H14CORE.0.PSI.A	0.0006678463116750478	0.00021239839923063809
SOX10.H14CORE.2.S.C	2.773154569992837e-05	0.00037447309088461093
ZN177.H14CORE.0.SM.B	7.52799148325866e-05	0.0002617609747951991
NR1H4.H14CORE.0.P.B	0.0005727587784757679	0.0001384332213901783
ZN789.H14CORE.0.P.C	2.0595037545159156e-05	0.0003490728960112165
ZN678.H14CORE.0.PSG.A	3.8241607185599006e-15	0.0002146723835919932
ZN768.H14CORE.1.P.B	0.0009107227753393629	0.0002136025144248088
ZN101.H14CORE.0.P.C	0.000541424690623613	0.00022654097310124892
MEIS2.H14CORE.0.P.C	0.00096988117772774	0.00023259916086940368
ZN266.H14CORE.0.P.B	0.0002325728499121935	0.0002724337503757172
ZN257.H14CORE.0.P.B	5.771842246444015e-16	0.0004075196377637956
ZN674.H14CORE.0.P.C	0.0006122428210701771	0.00017837325860437273
ZN793.H14CORE.0.P.B	1.1652863137917693e-16	0.00028563329165908293
ZNF79.H14CORE.0.P.C	0.0003991319635601805	0.00017713098205119837
ZN341.H14CORE.0.P.B	0.000191768849434344	0.000158129198182587
ZN436.H14CORE.0.P.C	3.079104806535852e-05	0.00034094913542084327
ZBT37.H14CORE.0.M.C	5.517158986481846e-21	0.00027162180580299144
ERR1.H14CORE.0.PSM.A	0.0004737387019704342	0.0005915606302007028
ZN440.H14CORE.0.P.C	0.00012576141602059477	0.0001989352445913678
STAT6.H14CORE.0.P.B	0.00038403572964895315	0.00028437149221448283
LHX8.H14CORE.1.M.C	0.00034108231720429455	0.00023552377084877407
ZN554.H14CORE.0.P.C	0.00014016376686454987	0.00021415795647614086
YBOX1.H14CORE.0.SM.B	0.0007629558400876086	0.0003258320127698335
TF2L1.H14CORE.0.PSM.A	3.935917421281112e-15	0.00030424890343541385
ZIK1.H14CORE.0.P.C	6.523240183962371e-16	0.00015328956032442594
TEF.H14CORE.0.SM.B	0.00018877730526801673	0.00027781927673368594
ZN416.H14CORE.0.P.C	0.00033051372446327995	0.00047354111062855527
MBD3.H14CORE.0.P.B	0.002012159366467825	0.00021134934982620617
ZFTA.H14CORE.0.PSGIB.A	4.6143461422713736e-14	0.00024201139257780488
ZN713.H14CORE.0.SM.B	4.275024624426401e-18	0.0001523073466187157
ZN791.H14CORE.0.P.C	8.302194273828456e-20	0.00038664411547270026
ZN845.H14CORE.0.PSG.A	0.00036384281041163994	0.00019324444534845903
TZAP.H14CORE.0.P.B	2.3197247522013082e-12	0.00015848012156125722
ZN878.H14CORE.0.PS.A	5.1238657331371e-16	0.0002564656983707055
ZN131.H14CORE.0.PSGI.A	0.0002565012336414879	0.0008346695128055977
ZN584.H14CORE.0.P.B	0.0007881336894998671	0.00015029318118972383
ZN615.H14CORE.0.P.C	1.3444399260119108e-15	0.0003792752621379197
ZN699.H14CORE.0.PSG.A	1.546526716394835e-15	0.0002704375752312039
NRF1.H14CORE.0.PS.A	0.0033488271396706734	0.00032655315295632414
THAP1.H14CORE.0.P.B	0.00028751512867396093	0.0004706299844775301
ZN561.H14CORE.0.P.C	6.426498599903756e-14	0.0002084211937754168
HSF1.H14CORE.1.P.B	0.000261127415869081	0.00017024178338613993
GLIS3.H14CORE.1.S.C	0.002556903734775226	0.0003023622142298618
ZNF20.H14CORE.0.PSG.A	5.732271815219055e-18	0.0005937185994211437
ZN566.H14CORE.0.P.C	7.134721870710154e-05	0.0002717086076943271
ZN836.H14CORE.0.PSG.A	0.00019252458852881606	0.00027000167382432264
ZN492.H14CORE.0.P.C	1.5401531181476082e-16	0.00036659079518627064
ZKSC4.H14CORE.0.SG.A	2.9802700193482355e-13	0.00017629828193736543
NPAS4.H14CORE.0.P.B	0.0005826455740527537	0.000198791795868408
ZN274.H14CORE.0.SM.B	1.672068286415634e-16	0.0003507044805090807
VEZF1.H14CORE.0.P.C	0.0009311407911271901	0.0003195652685810923
POGK.H14CORE.0.SI.A	1.526691057635746e-17	0.00020771670626925566
PRDM1.H14CORE.0.S.B	0.001954567795504542	0.00019649951860696335
ZN329.H14CORE.0.P.C	0.00010322512165820563	0.0002367338359901975
ZN100.H14CORE.0.P.B	0.00013445375318708872	0.00014033193021110356
KLF10.H14CORE.1.PSM.A	0.0001597081061328921	0.00015645769084102063
ZN174.H14CORE.0.M.C	0.000664622179295617	0.0001615489911246382
ZN800.H14CORE.0.PSG.A	0.0021620574825507704	0.00020616172714780693
ZN814.H14CORE.0.PSG.A	0.00047828440522767253	0.00024319335394171166
RXRG.H14CORE.1.SM.B	0.0010587884494254547	0.00023360129070918025
KLF3.H14CORE.1.M.C	1.643103459508952e-05	0.0002752500117599277
Z585B.H14CORE.0.P.C	0.0010250892876063399	0.0001526640507576767
HSF5.H14CORE.1.S.C	7.95518569764225e-15	0.000302953949898272
ZN564.H14CORE.0.P.C	0.000919553096096141	0.00035834016834855993
ZNF90.H14CORE.0.P.C	1.014571166122328e-15	0.00022428432009847295
ZN140.H14CORE.0.P.B	0.0010232767540555878	0.00015144876227760323
ZN551.H14CORE.0.PSG.A	0.0007433604047629469	0.00034202098314631984
ZN578.H14CORE.0.P.B	0.0004050796567714843	0.00030717041242911826
ZN506.H14CORE.0.P.C	0.00014458623506146564	0.00017841912083203527
GLIS1.H14CORE.1.P.B	0.0004174576268831788	0.0001846609028702852
USF2.H14CORE.0.PSM.A	0.0015249087579868987	0.00027248002245236784
SOX30.H14CORE.0.P.C	0.0009406058921787195	0.0003717455234187201
ZN547.H14CORE.0.P.B	5.6666042421042e-05	0.00025877609274778954
PKNX1.H14CORE.1.P.B	0.001516890676136829	0.00019176658933777252
TET3.H14CORE.0.PSGIB.A	0.0003074152453685232	0.00029364161301879163
ZN775.H14CORE.0.PSG.A	9.90692708853781e-13	0.00019545561166089422
ANDR.H14CORE.1.S.C	1.9487759000215003e-14	0.0002250183564535214
ZN875.H14CORE.0.P.C	0.0005683585502169415	0.00017219277010014635
ZN805.H14CORE.0.P.C	0.0007235894809411099	0.00024541129992619983
ZNF66.H14CORE.0.PG.A	0.000709872696011466	0.00020541355096866034
ZN215.H14CORE.0.PSG.A	0.0009662247026721833	0.00015206101507613215
SOX2.H14CORE.3.S.B	0.0017479245635170226	0.0003228206176613173
ZN853.H14CORE.0.SG.A	1.0439468000194014e-15	0.0002243308018158846
ZN740.H14CORE.1.S.C	4.89775789637312e-16	0.00016805655771889874
ZN610.H14CORE.0.P.B	0.00020611461485436826	0.00018419455890532235
ZSC22.H14CORE.0.P.C	0.000706394111068554	0.0003025681211167017
ZN721.H14CORE.0.PSG.A	6.200498760905878e-05	0.0003057178398551618
ALX1.H14CORE.0.SM.B	1.0892948785478752e-17	0.0001435382419952178
NR1I3.H14CORE.2.M.C	0.00010351243473873761	0.00019183352925719382
PRD14.H14CORE.0.P.B	1.0989622726546647e-15	0.00014427510561020073
ZN250.H14CORE.0.P.C	0.001411312328508411	0.00023603582404233838
ZKSC5.H14CORE.0.P.C	0.0008605869539932284	0.00022072579897165455
E2F1.H14CORE.0.P.B	0.003333116697936464	0.00033245327126625677
ZN75D.H14CORE.0.P.B	1.7752857873952906e-15	0.0002344253467955187
GLI3.H14CORE.1.M.C	0.00048389822003675056	0.00016610606057392387
SATB1.H14CORE.0.P.B	0.00010930690144894462	0.00024708228702118896
ZN692.H14CORE.0.P.C	0.0006616308403598007	0.0003227967724782981
MSD1.H14CORE.0.PSGIB.A	0.00037415679219541436	0.0002261666903376235
PO2F2.H14CORE.0.PSM.A	0.0009925513471539566	0.00016793783168169874
ZN529.H14CORE.0.P.B	0.0012159978314441155	0.00015723384774230824
MNX1.H14CORE.0.SM.B	3.29823106888973e-15	0.00030660420104751293
MCR.H14CORE.0.S.B	9.756466306695855e-05	0.0004631891937606229
PIT1.H14CORE.1.S.B	1.635564645640929e-05	0.0001808186728511804
ZN860.H14CORE.0.P.C	1.8967703217939207e-17	0.00021304000103883466
KLF16.H14CORE.1.P.B	0.0001410446703978381	0.00015365250658252853
ZFP57.H14CORE.0.P.B	0.0004658562497707257	0.00021469017573686177
ZN493.H14CORE.0.PSGI.A	0.0008006116059029941	0.0005957693359620892
ZN782.H14CORE.0.P.C	0.0001580843175066301	0.00025594233866675756
ZN716.H14CORE.1.P.C	6.355877370622949e-16	0.0003806512716676281
KMT2B.H14CORE.0.P.B	0.0004793158256635741	0.0002024301972843424
TDIF1.H14CORE.0.PSG.A	0.00018324581455358486	0.00014435162559201474
PITX2.H14CORE.0.SM.B	9.783939230338799e-05	0.00029363347891681117
BATF.H14CORE.0.P.B	0.000493460193873693	0.00024738003121325757
ZN550.H14CORE.0.P.C	3.4858656645628476e-15	0.00017730599243971328
TFE2.H14CORE.0.PS.A	0.004933660830946547	0.00024150755358130627
RUNX1.H14CORE.0.P.B	0.00015670298001751676	0.00015450564365137033
FOXD2.H14CORE.1.SM.B	0.0012275919778356099	0.00017126847794319124
ZBT22.H14CORE.0.SM.B	0.0009617110232885498	0.0002743829579394964
ZN584.H14CORE.1.P.C	0.0010008714642834088	0.00027074117106241945
ZN669.H14CORE.0.P.B	1.8078173427877856e-14	0.0001509046445497827
ZN580.H14CORE.0.SM.B	2.7339816832742057e-16	0.00016450555693638157
ZN618.H14CORE.0.G.B	0.0016378077704446259	0.00024283062270598184
FOXH1.H14CORE.0.P.B	4.001584117084552e-15	0.00019350351757393185
TIGD5.H14CORE.0.PSGI.A	0.0005006717168874711	0.0005568937349427003
RXRG.H14CORE.2.P.B	0.00011122613285806871	0.0002672319621703397
ZNF35.H14CORE.0.P.C	0.000276332196262294	0.00034574010135768476
ZN888.H14CORE.0.P.B	0.0031132356268487133	0.00018716120756095717
ZN667.H14CORE.0.P.C	1.7822836337014056e-16	0.00026031380465311684
ZN320.H14CORE.0.P.B	0.0008307367710848023	0.0001635752640203921
HAND1.H14CORE.0.P.B	3.006997159043185e-13	0.000136850364532765
GMEB2.H14CORE.0.P.C	0.0006916846413736242	0.00013983610601254364
ZN160.H14CORE.0.SG.A	7.597262003788027e-14	0.00018980976234859252
ZBTB6.H14CORE.0.P.B	5.6158529226302415e-15	0.0002252596109140066
TF2LY.H14CORE.0.SM.B	0.0017124806953216594	0.00013867934126564883
ZIM3.H14CORE.0.P.B	1.8259530095066928e-05	0.00042994150977497937
ZN680.H14CORE.0.P.B	0.0004136463956527628	0.00015198725968928206
F200B.H14CORE.0.PSGIB.A	0.0015730807444344892	0.00023897465309595997
GRHL1.H14CORE.0.PSM.A	0.0012525456507334924	0.0002474159188472263
ZN497.H14CORE.0.SG.A	2.068140934378011e-15	0.0001425860069917835
ZXDC.H14CORE.0.PI.A	0.000512617344339077	0.00026233356378944944
ZN527.H14CORE.0.P.C	7.951335342634783e-16	0.0003330629488096977
P73.H14CORE.0.PS.A	0.00043213652495530997	0.0005865755542796074
ZN197.H14CORE.0.P.C	1.012726197401249e-15	0.0008329359236833396
SETBP.H14CORE.0.B.B	0.00030132901301382393	0.00028607015146912845
HM20A.H14CORE.0.SB.A	5.748180293386104e-05	0.0001958027278833354
ZN582.H14CORE.0.P.C	0.00015808683614349165	0.0002422675885510063
ZFP14.H14CORE.0.P.C	0.00018952217598749716	0.00016448243524137018
PROX1.H14CORE.0.SM.B	1.4405833265861053e-15	0.00020766386197094617
ZSC12.H14CORE.0.P.B	0.0005812346445311704	0.00022953134344588555
EGR1.H14CORE.0.PS.A	0.0006129782485548317	0.00020349237060317233
HMGA1.H14CORE.0.P.B	1.13801786982645e-14	0.0001954371673669596
PO3F2.H14CORE.2.SM.B	0.0003855934624203363	0.00020095912967078194
NFIC.H14CORE.1.PSM.A	0.0009256515567813864	0.00021848718552435392
IRX3.H14CORE.0.M.C	2.4526106406775113e-05	0.00030613205752086055
ZN264.H14CORE.0.P.B	0.0012841081387782373	0.0001744460503907452
ZBT41.H14CORE.0.PSG.A	0.0011697348329100944	0.000210335828402376
ZN701.H14CORE.0.P.B	7.25856812044311e-14	0.0007600883917984689
ZN560.H14CORE.0.P.C	0.0003391693143168543	0.0001873838360503513
RFX3.H14CORE.2.S.B	1.1711815228307073e-16	0.00018138814320821023
Z780B.H14CORE.0.PSGI.A	6.503207492187328e-05	0.00017905895086383546
ZN662.H14CORE.0.P.C	0.0014355778567040694	0.00013741072957350713
ZN484.H14CORE.0.P.C	1.432966052958383e-14	0.00033935505387350153
FER3L.H14CORE.0.SM.B	0.0011459684590735225	0.0007069214241410602
ZN816.H14CORE.0.P.B	4.951554317854205e-16	0.00027677876184051194
ZBED1.H14CORE.0.S.B	0.00031893459364315557	0.0002981350220055926
ZN776.H14CORE.0.P.C	8.082426366171014e-18	0.0004051662293736632
HINFP.H14CORE.1.P.B	0.00016509748392973774	0.00023829975999556038
HNF6.H14CORE.0.PM.A	0.0006846945391381226	0.0003093418709046647
SPDEF.H14CORE.0.PSM.A	0.0014638263480285115	0.0003887014828226829
ZN135.H14CORE.0.P.C	0.0005654112088897223	0.00015004083852736055
ZN284.H14CORE.0.P.C	0.0001131353998015166	0.0002496682842207098
ZN569.H14CORE.0.SG.A	0.000918757734620496	0.000183111887960847
ZN350.H14CORE.0.P.B	2.9006045614703932e-05	0.0002499837253150087
ZSC29.H14CORE.0.P.B	8.089385527046642e-14	0.00033471717786157996
ZN575.H14CORE.0.PSG.A	0.0005088675659350826	0.00016544629354318458
ZBED5.H14CORE.0.PSGIB.A	2.1230308309366208e-14	0.0001853106496466961
ZNF23.H14CORE.0.P.C	0.0001775432874049651	0.00017898001197912505
DMRTA.H14CORE.0.SM.B	0.00046784778478196074	0.0002811767363588963
ZN787.H14CORE.0.M.C	0.00045869692159003034	0.0003840538369358715
AP2A.H14CORE.0.PSM.A	2.906787127358303e-17	0.0003559275827535363
ZN626.H14CORE.0.P.C	0.0001466126358534351	0.00015430523748350726
ZN676.H14CORE.0.PSG.A	2.1041881190306525e-17	0.00019484499497674697
ZNF85.H14CORE.0.P.B	2.234822485886529e-13	0.00022572951702617256
MAFG.H14CORE.1.PSM.A	3.6468765550572536e-15	0.00029578251084013063
ZN383.H14CORE.0.P.C	0.0004547744037745242	0.00020694344220299
DMRT1.H14CORE.0.PS.A	1.206037994652395e-16	0.0004731676959608503
ANDR.H14CORE.2.P.B	0.0002325943995960523	0.0003613929909669189
ZN320.H14CORE.1.P.B	0.00015800494368869834	0.001381361538462623
ZN648.H14CORE.0.PSGI.A	0.00028794844907553186	0.00017075313725635122
NR2E1.H14CORE.1.S.B	1.3064323867225083e-17	0.00020110068400425727
ZN563.H14CORE.1.P.C	3.5918575438485096e-15	0.00038988604858243483
ZN732.H14CORE.0.PSG.A	0.0012615161749960316	0.00014953138365080316
ZNF41.H14CORE.1.P.C	5.2459730227606075e-15	0.0002458755890650066
IRF4.H14CORE.1.S.B	0.0008006560407463145	0.00025775960749595554
ZN850.H14CORE.0.PSG.A	6.088871165419643e-05	0.00023848591568891974
CEBPG.H14CORE.0.P.B	0.00026230061444526396	0.0012289848569693215
ZN329.H14CORE.1.P.C	6.580580509441465e-05	0.00034702671468163143
ZBT20.H14CORE.0.SM.B	0.00046629627042767575	0.00018346716139921933
ZN250.H14CORE.1.M.C	0.0006674571654815608	0.00018900462175478312
GTD2A.H14CORE.0.PS.A	0.0012718636435997315	0.00029827019117277244
THB.H14CORE.0.P.B	0.0006790406423239636	0.00015101564965666153
ZN485.H14CORE.0.P.C	6.994186290890154e-16	0.000253050624397017
ZBT12.H14CORE.0.P.B	4.771224775909418e-13	0.0001843232309474751
ZN157.H14CORE.0.P.B	0.00026343427209185664	0.0002353416994620297
ZNF28.H14CORE.0.P.C	0.0006372277068195471	0.0002727409033927574
HEY1.H14CORE.0.S.B	0.0010167797707544438	0.00025574230362558615
ZN677.H14CORE.0.P.C	0.0005922437762677533	0.0002980634708787012
RBAK.H14CORE.0.P.C	0.0002800037958544142	0.0001735274124639803
ZN524.H14CORE.0.S.B	1.802346492344372e-18	0.00028015979734475894
ZSCA2.H14CORE.0.PG.A	1.2170822674180206e-14	0.00014115463270558733
JERKY.H14CORE.0.PSGB.A	1.101912414570722e-15	0.00015203909459635237
ZSC29.H14CORE.1.M.C	1.9000792260412058e-05	0.00019462398399729646
ZN613.H14CORE.0.P.C	3.9948758514117206e-11	0.0001515187163863424
TYY1.H14CORE.0.PSM.A	0.002496358770492178	0.00025290345791096437
ZN154.H14CORE.0.P.C	0.00031325597534820327	0.00021928459412657824
ZFP41.H14CORE.0.SM.B	0.0006390186230775738	0.00017958448648955607
ZN226.H14CORE.0.PSGI.A	3.6206429254977075e-06	0.0002537891394488824
ZBT49.H14CORE.0.P.C	4.573948383166867e-19	0.0010924593764445217
Z286B.H14CORE.0.PSG.A	1.0293884939759149e-12	0.00016474148151428338
ZN682.H14CORE.0.P.B	0.00035558611561979544	0.0009136387365439003
SNAI1.H14CORE.0.PSM.A	0.003059107120907122	0.0003717735585865028
CR3L4.H14CORE.1.S.C	0.0006640898987241762	0.00026539980814239164
TBP.H14CORE.0.P.B	0.0014991100439777413	0.00033898802167335883
Z585A.H14CORE.0.P.C	1.220202829088951e-17	0.00016606957081118158
RFX1.H14CORE.2.S.C	0.00041453552946620065	0.00019040994238894745
ZN821.H14CORE.0.SM.B	2.6702762705255336e-05	0.000227575455523124
PAX7.H14CORE.2.PM.A	0.0006609622051452546	0.00019051459163736226
ZN33B.H14CORE.0.P.C	1.064205225079597e-16	0.000248960138237752
HMBX1.H14CORE.0.PSM.A	1.0296461910267784e-15	0.00028622076202378387
ZN449.H14CORE.1.S.C	0.0004479576363272246	0.00038204166358661763
NPAS2.H14CORE.1.M.C	0.00013012339414918795	0.00014923300540028623
ZN880.H14CORE.0.P.C	0.0003433938920582584	0.00024553238594629344
ZN672.H14CORE.0.PSG.A	4.3166916396122085e-05	0.00016474030763280028
ZNF26.H14CORE.1.P.B	0.00010548480305404993	0.00022359388268391943
ZN441.H14CORE.0.P.C	0.0010214109620885412	0.0002589639621738508
ZN530.H14CORE.0.P.B	0.000800306036363465	0.00015768181676704162
ZN696.H14CORE.0.PSG.A	9.79394898915936e-05	0.00016990143441682784
ZIC1.H14CORE.1.M.B	0.00017695858569449817	0.0002345936944886741
ZN611.H14CORE.0.P.C	0.0006862043415622825	0.0003412023641958847
ZNF74.H14CORE.0.P.C	0.00012787960528451214	0.00018034098988676107
ATMIN.H14CORE.0.P.B	0.001870760450098739	0.0005996913065019524
SP7.H14CORE.0.P.B	0.0005593381416878742	0.00015942906815035024
ZN768.H14CORE.0.P.B	0.0015745533067431739	0.00015960344731420276
ZN276.H14CORE.0.SM.B	0.0004189877505309361	0.00016937457283596954
KLF16.H14CORE.0.SM.B	0.0004523748054068688	0.0002182726668879325
ZN577.H14CORE.0.P.B	6.304526944824154e-19	0.00016342243992398958
ZN595.H14CORE.0.P.C	2.462349729127298e-15	0.0005015947805710136
NR6A1.H14CORE.2.SM.B	3.6119939093734393e-05	0.00022217663256784948
NKX21.H14CORE.0.P.B	1.4067733234924714e-05	0.0002806190928227133
ZN107.H14CORE.0.PSGI.A	3.6422943589132575e-05	0.0001371968302985296
ZNF12.H14CORE.1.M.C	0.0004003193447669938	0.00015983589740905702
ZNF8.H14CORE.1.P.B	0.00050704493956374	0.00033423407305740614
ZBT8B.H14CORE.0.PSGI.A	6.375010587811813e-18	0.00019065772818787944
ZBT24.H14CORE.0.SG.A	2.639006620839013e-06	0.00014120703850079865
PF21A.H14CORE.0.B.B	0.0013153133641215663	0.0001824067764841141
CENPB.H14CORE.0.S.B	8.264618364528856e-15	0.00030298457087984146
NFKB1.H14CORE.0.PS.A	1.0522117444234798e-05	0.00015011228251303685
MYOG.H14CORE.0.PSM.A	5.8399662687340975e-15	0.0002799886455052894
GFI1B.H14CORE.0.PSM.A	0.0006734620508392855	0.00023024468061988936
ZN668.H14CORE.0.SG.A	0.0007919144539211926	0.00016527225534684003
ZBTB5.H14CORE.0.SGI.A	6.941475432606439e-05	0.0002228807194126938
ZBT44.H14CORE.0.P.C	0.0009037214752655999	0.00042288132864938863
ZFAT.H14CORE.0.PSGI.A	1.991291881401198e-17	0.0001903092495102904
NR1I3.H14CORE.0.P.B	2.927463625100104e-18	0.0004252571037496092
ZFP82.H14CORE.0.P.C	0.0010145284794436883	0.0001777142117634368
FOSL2.H14CORE.0.P.B	0.003331855342243917	0.0007363904315660891
ZBT7A.H14CORE.0.P.B	0.005119498796584974	0.00031406301600828184
ARNT.H14CORE.0.P.B	0.0008884896084715153	0.00023041549342875416
NKX61.H14CORE.1.P.B	3.1144418116039534e-16	0.00019221638450737013
BARH2.H14CORE.0.SM.B	0.00016606926114614607	0.0003488009991267247
ZN562.H14CORE.0.P.C	2.4040700292764143e-14	0.00016275374197118308
ZN407.H14CORE.0.PSGI.A	0.0008637092876213342	0.00016436720977425323
ZN621.H14CORE.0.P.C	0.0002116266065930109	0.00022798723582504512
ZNF77.H14CORE.0.P.C	1.532413339409485e-16	0.0003107757246207995
ZN573.H14CORE.0.P.C	0.0005591736976455072	0.00017033239387184346
ZFP69.H14CORE.0.P.C	3.289102706809316e-18	0.00044746453158220107
CMTA1.H14CORE.0.PSGI.A	0.0006475254200954729	0.00028764904758400066
LMX1B.H14CORE.0.P.C	2.2501464981718972e-15	0.00014811434259446367
MEF2A.H14CORE.0.P.B	1.7495395883146238e-15	0.00019508388667315512
GATA1.H14CORE.1.PSM.A	5.3526098896455455e-16	0.00026153088649541863
TSH2.H14CORE.0.SG.A	2.5276323886368262e-14	0.0005638705513986711
HXD10.H14CORE.0.SM.B	0.0002863850262595245	0.00021836163005467204
HNF4A.H14CORE.0.PSM.A	1.520782525769535e-14	0.00017155078089557227
GLIS1.H14CORE.0.P.B	0.00029035093241312	0.0004242221477867516
ZN500.H14CORE.0.PSGI.A	0.0005233154095324725	0.0003685069154352528
CREM.H14CORE.1.P.C	0.00011587884043746636	0.00017500889977407896