	ASCL1	ATOH1	NEUROD1
ANDR.H14CORE.1.S.C	1.6751341998406581	-2.2288712985657284	-0.6232609901173471
ANDR.H14CORE.2.P.B	1.922221281458298	-1.7019360921373887	-0.8393801218308423
AP2A.H14CORE.0.PSM.A	2.3797242815850965	-1.601641037662258	-1.3873514254482426
ARNT.H14CORE.0.P.B	-1.744307779693897	4.640433252316545	-2.382648093906349
ATF1.H14CORE.1.P.B	-0.9170445991961971	3.149714061989144	-1.8710409224386904
BATF.H14CORE.0.P.B	2.19816679625725	-3.511071529989988	-0.10736072724554535
BATF2.H14CORE.0.PSG.A	1.6655498301017493	-3.0975784346203854	0.5737223211862507
BCL6.H14CORE.0.PSM.A	-1.7528380629113103	1.2258063894932	1.7365529777672477
CASZ1.H14CORE.0.SGI.A	2.410675087798454	-2.9646491951999727	-0.8260136837846663
CEBPG.H14CORE.0.P.B	4.840396331380752	-5.4124088145088	-2.8157452741861206
CENPB.H14CORE.0.S.B	1.517583526741658	-0.953764241406449	-0.5972442217604393
CGBP1.H14CORE.0.PSGIB.A	1.268939411751102	-1.7276229016525877	0.24934363091360873
CMTA1.H14CORE.0.PSGI.A	-0.6876286292449084	1.965856380721056	-1.2335812320286956
CMTA2.H14CORE.0.PSGI.A	4.8153129339765615	-7.671140361380547	0.16854212297596521
COE1.H14CORE.0.P.B	-0.7718943746944231	2.4860611768756637	-1.7766659942911107
CPEB1.H14CORE.0.S.B	-1.4420029855130059	0.7579343819814482	1.6488678377208088
CR3L4.H14CORE.1.S.C	-2.1576519522936524	6.447491325199628	-4.071476123004484
CREB5.H14CORE.0.P.B	-3.178425509710534	-0.952542339909851	7.3189805625008315
CREM.H14CORE.1.P.C	-0.7719954601798424	0.6294754429784472	0.10606693981422607
CUX2.H14CORE.2.S.C	-5.084124784873974	3.0423712721159264	5.665695453676567
CXXC4.H14CORE.0.PSGIB.A	1.269269055562018	2.852687332762321	-6.352242007113587
DACH1.H14CORE.0.S.B	2.7967146288925036	-4.579029038715437	0.33343148652685983
E2F1.H14CORE.0.P.B	-4.322775958921599	-0.2783139781330919	8.44020297032719
E2F4.H14CORE.2.S.B	-3.8883867610694005	2.959690936731977	3.7832814636633967
EGR1.H14CORE.0.PS.A	-0.20903280257980944	0.43442669039976106	-0.3473507690958061
ELYS.H14CORE.0.B.B	-4.422591209116423	4.277686106585908	3.5242429640674713
ETV7.H14CORE.1.P.C	2.9311084127992553	-1.4593143389725298	-3.8177737396054634
FEZF1.H14CORE.0.P.B	2.7582489227003855	-1.6327726018530662	-3.0866396421232345
FOSB.H14CORE.1.M.C	1.6192834830615555	-2.567546517714454	0.18886732009030993
FOXH1.H14CORE.0.P.B	0.4826999492682211	-4.17921208295605	4.136427614871025
FOXK1.H14CORE.0.PS.A	2.342158679962371	-2.694020847636019	-1.1171466465666422
FWCH1.H14CORE.0.PSGB.A	-1.032699177117053	1.755958859180005	-0.36869830622812166
GABPA.H14CORE.0.PSM.A	1.759280704938733	-0.6191827693507552	-2.7249038810193396
GATA1.H14CORE.1.PSM.A	1.3946236936355219	-3.3943433395220666	1.7000836960947874
GCM1.H14CORE.0.S.B	0.2821112084417294	-0.6505564747782149	0.030095832888765404
GFI1B.H14CORE.0.PSM.A	4.0688671958533424	-6.018411379458546	-0.4046600937164525
GLI3.H14CORE.1.M.C	2.4911050112542115	-2.453724641740197	-0.8612315381020612
GLIS1.H14CORE.0.P.B	1.2115413472596317	-2.081979599052621	0.3050591005071029
GLIS3.H14CORE.1.S.C	-1.7793918427435702	1.490890928442113	1.347399023289154
GMEB2.H14CORE.0.P.C	-5.362003646462751	6.774715433710829	1.7059226685746285
GRHL1.H14CORE.0.PSM.A	-2.89792338934101	3.07025099961785	1.2241728279515132
GRHL1.H14CORE.1.PS.A	0.9517462487452789	0.11691372354825119	-1.9014150944246067
GRHL2.H14CORE.0.P.B	2.2566879456480184	-3.2771680707325443	0.33637001951641443
GTD2A.H14CORE.0.PS.A	-2.157844262178256	2.7531178566160626	0.7567266605287708
HAND1.H14CORE.1.P.B	-1.607712788656337	1.3158044389187604	1.2773927481653926
HEY1.H14CORE.0.S.B	-0.4617815331277715	0.5476748081754325	-0.0681445629167209
HIC1.H14CORE.0.PSM.A	-4.571741405419593	5.0325014777574495	2.6148475494958467
HIC2.H14CORE.0.P.B	1.8234042012841059	-1.4446866943751133	-1.4440872500344686
HINFP.H14CORE.1.P.B	-1.2411474575819543	1.258812492046746	0.43582310855510953
HM20A.H14CORE.0.SB.A	-2.530493737167705	5.195451410770036	-1.7131414455213765
HMBX1.H14CORE.0.PSM.A	4.003937259996963	-3.360010613284299	-3.29545578788132
HNF1A.H14CORE.0.PS.A	2.8967728852675774	-3.1588492514555906	-1.3488450511741596
HOMEZ.H14CORE.0.S.B	-1.5368050030388696	1.8296180743651362	0.4325406718596147
HSF1.H14CORE.2.P.B	0.22370678363443003	-1.739196185734758	1.6256926814438888
HSF2.H14CORE.0.PSM.A	1.2947068084879578	3.5138977203539055	-6.726806310007203
HSF5.H14CORE.1.S.C	2.467813033821891	-2.4614645309006904	-1.9354891280606634
IRF3.H14CORE.1.SM.B	4.177345632525245	-5.476269046512263	-1.1575582110215434
IRF4.H14CORE.1.S.B	1.9563418372291692	1.6257751885688285	-5.825116257580634
IRF7.H14CORE.0.S.B	-0.5039376238342543	2.106825235763161	-1.7602143568657984
IRF9.H14CORE.0.PSM.A	4.745468369326718	-4.935247060779425	-3.2223060669759493
IRX2.H14CORE.0.S.B	-3.6818093623877863	4.006364396677373	1.848278447516034
IRX3.H14CORE.0.M.C	1.1912375692841417	-0.7935406977033762	-0.6044115968317398
JERKY.H14CORE.0.PSGB.A	3.389741089482797	-4.509763690531079	-0.9306748614610952
KAISO.H14CORE.0.P.B	-1.5732298379104064	2.251543567472294	0.30331220452764385
KLF10.H14CORE.1.PSM.A	0.00898058874218832	-0.3775871149224838	0.40830037674787767
KLF16.H14CORE.0.SM.B	3.480850443519639	-3.338678347561788	-2.629009985812612
KLF16.H14CORE.1.P.B	2.6597887354394683	-2.730350231128818	-2.0477566160811604
KLF3.H14CORE.1.M.C	0.7241513769619832	-0.48090921665541747	-0.56325478317779
KMT2A.H14CORE.0.P.B	-0.7036308279200943	-1.500864395381672	3.5437723790493596
KMT2B.H14CORE.0.P.B	-2.3368206002646743	3.318935900291168	0.3437333529845163
LRRF1.H14CORE.0.P.B	2.7074023067876785	-2.72262534296262	-1.8364585761075654
MAFG.H14CORE.1.PSM.A	3.889868380097264	-4.353251607023941	-2.022699585711255
MBD1.H14CORE.0.PSIB.A	-1.7906618349868997	2.8028105887663357	-0.003868546466369929
MBD3.H14CORE.0.P.B	-0.9834479768056495	-2.716854797851754	5.186749589200967
MCR.H14CORE.0.S.B	3.5802347217193073	-2.1550771243670153	-4.0823580240996975
MEF2A.H14CORE.0.P.B	-4.002064092267484	3.864474962514519	3.0012641301404677
MEF2D.H14CORE.1.M.C	2.799133286094611	-2.9688870431055636	-1.819657245659537
MEIS2.H14CORE.0.P.C	-2.436534873495157	3.0827629199662776	0.738154709248498
MSD4.H14CORE.0.SGIB.A	1.8189188907271692	-0.6230449695527769	-2.8021163896631425
MYB.H14CORE.0.P.B	-0.8811381512702939	-1.3225282242313057	3.0376789841310745
MYBB.H14CORE.1.S.B	0.690120570013568	-0.6546398939271748	-0.46339064196735014
MYCN.H14CORE.1.M.C	-4.145721899104273	3.039810880555603	4.110835906704438
MYNN.H14CORE.0.P.B	5.799760962141749	-3.2445414881984336	-6.968029748394353
MYSM1.H14CORE.0.P.B	-2.151389676787884	3.7422210267234237	-0.4899726007887504
MYT1.H14CORE.0.SG.A	-2.143624998355734	4.452723721743382	-1.4261601000950668
NACC2.H14CORE.0.PSGIB.A	0.9291882243624225	0.44693841276783247	-1.8286126843028387
NANOG.H14CORE.0.P.B	1.5671291060487098	-1.2615839986606807	-0.6693846554442813
NANOG.H14CORE.1.P.B	-0.048845770567591595	-2.02796559103605	2.572008176296055
NF2L2.H14CORE.1.P.B	1.2604583736252404	1.0486397324178074	-3.7351858583198094
NFIC.H14CORE.0.PSM.A	-5.6210734906303	6.500363257373794	2.7721834218203956
NFIC.H14CORE.1.PSM.A	-4.0657948416702805	0.2604995233437241	7.337031568236432
NFKB1.H14CORE.0.PS.A	2.5206443355479347	-1.3410090887681587	-3.3715601167860823
NFYC.H14CORE.0.P.B	2.973787694345856	0.7772685586968299	-6.421574667885132
NKX23.H14CORE.0.SM.B	-2.349964549466421	2.478266205757951	1.1733400421672195
NKX61.H14CORE.0.PS.A	-0.2961045539007518	-3.1482277938989824	4.245787546691976
NKX61.H14CORE.1.P.B	-3.3335464233898944	0.06417431414321614	6.3537441805241865
NPAS4.H14CORE.0.P.B	-0.0007905481540886135	0.0024815723204915556	-0.0018778586472676501
NR1D1.H14CORE.1.SM.B	-1.7201503617073384	3.379672833230246	-0.9986641281338349
NR2C1.H14CORE.0.S.C	2.9307534183298456	-1.7272713924732304	-3.216398019861559
NR2E1.H14CORE.0.SM.B	-2.0072945017101453	1.6084581818501356	1.7890858579274591
NR6A1.H14CORE.2.SM.B	0.989461573936403	-1.3524147159134075	-0.14078924597203005
NRF1.H14CORE.0.PS.A	0.5563745552282574	2.964854879468764	-4.727939812889405
OLIG1.H14CORE.0.S.B	-2.7266808061708865	3.046131923377558	1.239938027056887
PAX7.H14CORE.0.P.B	-2.5979797216557685	4.340329620434505	-0.4202943044787265
PAX7.H14CORE.2.PM.A	2.1395946712174356	-0.8988957342422546	-1.6867832158483653
PAX8.H14CORE.0.PSM.A	-2.5685793322652337	1.6701947774659505	1.5043741356094706
PF21A.H14CORE.0.B.B	-0.5565539259705092	-2.673869794272644	4.488828800783341
PIT1.H14CORE.0.SM.B	-1.3076666981309404	1.4213669693086177	0.6303794155619191
PITX2.H14CORE.0.SM.B	-1.849887204507944	0.5557987187672797	2.6665296868570225
PO2F2.H14CORE.0.PSM.A	-2.3219678424184043	1.536996729261086	2.190330508755549
PO3F2.H14CORE.2.SM.B	-1.0745668006421887	2.1367472284571383	-0.5346772503571062
PO4F1.H14CORE.1.SM.B	-2.7007368674159387	5.2554289775023575	-1.4073733156810153
POGK.H14CORE.0.SI.A	1.1745568329132394	-1.7823908333373257	0.116757691957676
PRD10.H14CORE.0.PSGI.A	-4.078381946713282	5.827481378403788	0.6630862262882955
PRD14.H14CORE.0.P.B	-1.138670665127034	1.237877666946649	0.765285717973304
PRD15.H14CORE.0.P.B	0.24727514319273766	-1.0481108735112217	0.7411702738536428
PRDM1.H14CORE.0.S.B	-0.6395217729801566	1.1953279000814485	-0.5183950222242285
PRDM6.H14CORE.0.P.B	-1.9333746319636727	3.260608537395445	-0.4028649942015549
PRDM9.H14CORE.0.P.B	-2.34714645254185	3.2125656287120194	0.44291514809516813
PROX1.H14CORE.0.SM.B	2.037264551346146	-1.5185554827313033	-1.529885650222548
PURB.H14CORE.0.B.B	0.14150133791790928	-1.1776434758104386	1.0719353976948414
RARA.H14CORE.1.P.B	-0.7006466250283575	2.4801524566443973	-1.7610114404371642
RARG.H14CORE.0.P.B	1.1418324650542204	-1.713165172834117	-0.269797695383143
RBAK.H14CORE.0.P.C	1.8728867036028636	-0.7269301178021557	-2.2557342120451827
REL.H14CORE.0.P.B	2.2575071414178054	-1.7720074149282574	-1.9924296454634836
REST.H14CORE.0.P.B	-5.617191458824835	3.4095511082807475	6.536118418830081
RFX1.H14CORE.2.S.C	2.2826025785383592	2.0318999894828287	-6.947890258277718
RFX3.H14CORE.2.S.B	0.6363200170026907	-0.7716202593046076	0.1699671596272941
RFX4.H14CORE.0.SM.B	7.075788111948047	-8.027149211314265	-3.5863356908491686
RXRG.H14CORE.1.SM.B	-0.09183945751503679	2.5635656849151345	-3.2070771931505324
S2A4R.H14CORE.0.PSG.A	0.5551214236113705	-1.4316248755446168	0.6712844426320367
SCRT1.H14CORE.0.PSM.A	3.5954925876206154	-1.6208108029940773	-4.72144296809868
SIX1.H14CORE.0.P.B	4.985047317387183	1.6708829605401527	-11.379738427584794
SMAD3.H14CORE.1.P.B	-1.8271973207970889	2.9393033535431496	-0.4595120027619599
SMAD4.H14CORE.1.P.B	5.032252779333059	-5.877565743228806	-2.3504519866220726
SNAI1.H14CORE.0.PSM.A	6.882066997435829	-6.27336117907437	-5.711385124092949
SOX10.H14CORE.1.PSM.A	-3.717135049928614	-0.010022538256336923	6.949865145681437
SOX30.H14CORE.0.P.C	0.7354477409162156	-1.074697581923329	-0.1487406319303162
SOX9.H14CORE.2.S.B	2.4136895116677826	-4.059073018623633	0.1489587951837827
SP1.H14CORE.2.P.B	1.382219759373663	0.2178563913558496	-3.4918595935195946
SP100.H14CORE.0.PSGI.A	3.5774035590959214	-4.128522162461702	-2.271464675446772
SP140.H14CORE.0.PSGIB.A	-1.2865242248027715	4.076025446370231	-2.786362456515689
SP5.H14CORE.1.P.B	2.465726045794696	-0.9139823565743285	-3.8010447191967667
SPI1.H14CORE.0.P.B	-0.6942953131167702	0.08050817915405321	1.3651529521671557
SRBP2.H14CORE.0.S.B	2.597416886302234	-2.614048525973699	-1.8211213859536188
SRF.H14CORE.0.PSM.A	-2.621547190321078	3.1578911940120338	1.2474311153940674
SUH.H14CORE.0.P.B	-2.0985072035932957	1.9153080611655844	1.5097774265029609
TAL1.H14CORE.1.P.B	-3.2505659474253368	1.3154594871571947	4.675189087804747
TBX1.H14CORE.0.S.B	0.006148102102016773	-0.0455324279241566	0.13682665118377618
TBX19.H14CORE.0.PS.A	4.2186495265104575	-5.342710297229245	-1.5811656578081383
TDIF1.H14CORE.0.PSG.A	2.5841909285206643	-4.315045156206521	0.4131279765850994
TEAD1.H14CORE.0.PSM.A	-2.3944856551058127	2.8745443499322647	0.763964693825562
TEAD1.H14CORE.2.S.C	0.5049017592356235	-0.31579632230563376	-0.5545386238075533
TEF.H14CORE.0.SM.B	0.6790006181036857	-1.411358908635517	0.32451131391635163
TERF1.H14CORE.0.PSGB.A	1.7411261298458918	-1.2746704759634009	-1.4515687103941013
TF2LY.H14CORE.0.SM.B	1.4408772883540693	0.8123442997132864	-3.6703260626546936
TF7L1.H14CORE.2.S.C	-1.3161610316984496	0.49918399526562096	1.974595066250192
TFE2.H14CORE.0.PS.A	5.985747076096934	-4.241272810127054	-6.464709781315587
THB.H14CORE.0.P.B	-3.4136942154059375	3.072614046396067	2.1194614086508463
TSH2.H14CORE.0.SG.A	1.3302275058869404	-1.7825249693981375	-0.23074222551145418
TWST1.H14CORE.0.P.B	-3.3679384276886077	2.2059498801293205	3.706714215793292
TYY1.H14CORE.0.PSM.A	0.7318856230578609	0.8815284046705626	-2.4343487234140118
USF2.H14CORE.0.PSM.A	3.2560415799729845	-2.039952935016833	-3.833235392717519
Z280A.H14CORE.0.P.B	-1.7718445943970729	1.839935269610495	0.7312866763814857
Z354A.H14CORE.0.P.B	-4.645709007722226	6.8433993641908915	0.41039574727389444
Z585B.H14CORE.0.P.C	-0.18498198907464633	2.056752740290398	-1.9903413600976492
Z705G.H14CORE.0.P.C	0.521802530677836	0.2608783714769722	-1.1288832343762787
Z780A.H14CORE.0.P.C	0.2394681213305536	1.4799464270364808	-2.11958884813249
Z780B.H14CORE.0.PSGI.A	-0.5104296121837206	0.9498904988171947	-0.364421536721214
ZBED4.H14CORE.0.SGIB.A	3.45765381960424	-4.505391867902755	-0.9948450090286878
ZBED5.H14CORE.0.PSGIB.A	1.276248434735558	-0.5771907590784044	-0.9921488448859977
ZBT12.H14CORE.0.P.B	1.5153546530640498	-1.3494050142373952	-1.3604266931132434
ZBT14.H14CORE.0.P.C	-0.43924971996157847	-1.3942866177613105	2.5928020543396153
ZBT16.H14CORE.0.P.B	0.37452444659036344	0.7675269415051817	-1.6957483021162865
ZBT22.H14CORE.0.SM.B	-0.9746681080927495	-0.5168281691173098	2.384967098077992
ZBT24.H14CORE.0.SG.A	-3.7511471096284223	3.5409809125384357	2.4166554687368023
ZBT41.H14CORE.0.PSG.A	-0.0329537081554763	0.020799405009092022	0.15090822608358426
ZBT47.H14CORE.0.PSG.A	-5.217638024349214	4.911848817004206	4.0268995930519935
ZBT49.H14CORE.0.P.C	3.402773067019745	-3.1555331125349952	-2.1182549250342935
ZBT7A.H14CORE.0.P.B	-5.324854301461484	4.693019540124135	4.466349896591058
ZBT7B.H14CORE.0.SM.B	1.853898284053468	0.22701972766634904	-3.9086028179224965
ZBT8A.H14CORE.0.PSGI.A	-1.1615235818163019	-0.41011643566526684	2.517592222957815
ZBTB2.H14CORE.0.SM.B	1.91864984495344	-0.9989285241111767	-2.3436731506854556
ZBTB6.H14CORE.0.P.B	-2.640183676678343	3.9693321228069265	0.40604283840288513
ZF64B.H14CORE.0.P.B	1.2060900996355444	-3.3221578242412666	1.633323491523134
ZF69B.H14CORE.0.P.C	-1.3444812419143746	2.4641837539372893	-0.4262618928162829
ZFP3.H14CORE.0.P.C	2.261970352222068	-2.707818413097352	-0.4823136035357579
ZFP37.H14CORE.0.P.C	1.207406164720205	-1.574726809070258	-0.19231533263116823
ZFP57.H14CORE.0.P.B	-4.7869213784591125	3.7661534730773583	4.31401003893129
ZFP69.H14CORE.0.P.C	3.793698549589003	-1.0780119609940746	-5.857320914609153
ZFP82.H14CORE.0.P.C	-1.7591725423115419	1.9529680490346066	0.9563132315107351
ZFP91.H14CORE.0.SGI.A	-3.0414600141402754	6.417189722463739	-2.1243003699765963
ZFX.H14CORE.0.P.B	0.7079890976663867	-0.696308238625569	-0.6185906782287681
ZIK1.H14CORE.0.P.C	1.2744886613650843	-0.3285699536794645	-1.5918119149098113
ZKSC4.H14CORE.0.SG.A	-2.4245072774036327	2.2948712334046237	1.8438680478117608
ZKSC8.H14CORE.0.P.B	-2.723776135660688	5.33451032811921	-1.5902310869057394
ZN100.H14CORE.1.P.B	-1.355289248752755	1.8349711663863846	0.3687379503083577
ZN112.H14CORE.0.P.C	4.951273691577756	-5.139838244193223	-3.1462736923634207
ZN132.H14CORE.0.P.C	-2.6518667163357295	2.038555349047501	2.3489576187009984
ZN134.H14CORE.0.P.C	-4.220459294027547	3.98334585230287	3.0749957697026806
ZN135.H14CORE.0.P.C	3.194445531580295	-3.1932984270117566	-2.2200277655679903
ZN136.H14CORE.0.P.B	-3.770348473795023	2.738436905418218	3.759648004761711
ZN140.H14CORE.0.P.B	-4.087802905642478	3.4947539101193192	3.012561954277703
ZN141.H14CORE.0.P.C	3.276278655736621	-2.7297288930482773	-2.5380852736398403
ZN142.H14CORE.0.PSGI.A	1.9062769267314719	-4.618843898470947	2.1261556262648016
ZN143.H14CORE.0.P.B	0.1844531676172965	-0.035781545282757114	0.02937275546982281
ZN148.H14CORE.0.P.B	-1.1990457131974674	1.2129437339322535	-0.07603030708736072
ZN154.H14CORE.0.P.C	-0.5924998873449863	-0.627120025939781	1.7604622473356757
ZN157.H14CORE.0.P.B	2.684285090002957	-3.078721771220037	-1.0078161060025879
ZN160.H14CORE.0.SG.A	1.9719399581060233	-1.9145133886626973	-0.6154415413352851
ZN165.H14CORE.0.P.C	-4.2566874306176254	4.240666924529153	2.940589198501751
ZN174.H14CORE.0.M.C	1.5670969303007753	-0.8231544454044364	-1.473230906618918
ZN180.H14CORE.0.P.C	-5.78738232027913	6.385114516450786	2.9616407025381775
ZN184.H14CORE.0.P.B	4.944356398794927	-3.235420634694498	-5.633726833055464
ZN189.H14CORE.0.P.B	-1.9568715588246504	3.2948468874699226	-0.27485319935507446
ZN205.H14CORE.0.P.C	3.4689136529367173	-3.6827452111084953	-1.746567596040169
ZN208.H14CORE.0.SGI.A	0.3923819073835209	2.0122645172012206	-3.1563768143801396
ZN211.H14CORE.0.P.B	-3.969734371072367	6.183037327728809	0.11233968483408614
ZN214.H14CORE.0.P.B	-2.4732126362109965	1.9010740408564755	2.3525328920558697
ZN215.H14CORE.0.PSG.A	2.466870277806751	-3.3768728704780324	-0.4172841444436408
ZN233.H14CORE.0.PG.A	1.877974325831243	-1.361686455589154	-0.7435786890747417
ZN239.H14CORE.0.P.C	-1.9560611044759686	4.156125525558329	-1.4825292997343826
ZN248.H14CORE.0.P.B	2.980304673696339	-5.197382416705831	0.6139612549155287
ZN250.H14CORE.0.P.C	1.020462204821032	-1.3972390647510546	-0.281754147407057
ZN250.H14CORE.1.M.C	-1.8817477754396585	3.24948738808471	-0.33998773753021505
ZN251.H14CORE.0.PSGI.A	-0.5644925444700657	3.2581446364134483	-2.8017253070056407
ZN263.H14CORE.0.PM.A	3.0729162342119904	-4.618307172856745	-0.5872502259339771
ZN266.H14CORE.0.P.B	0.932920207544024	-0.7447801082187611	-0.47719917032182957
ZN274.H14CORE.0.SM.B	0.15300443725104468	2.8668443373388275	-3.8186554495817653
ZN292.H14CORE.0.PSG.A	1.6927717546378258	-3.190127659225117	0.5222085825041783
ZN302.H14CORE.0.P.B	-0.6227116076170653	-2.432334682738868	4.005043834235174
ZN304.H14CORE.0.P.C	4.774481739268522	-3.5945429824836865	-4.715203545105809
ZN316.H14CORE.0.P.C	0.5705281627723633	0.05236990885860827	-0.6347506128734567
ZN317.H14CORE.1.P.B	-0.5768600388680416	1.4397225145379224	-0.6777875920359329
ZN329.H14CORE.0.P.C	1.525966773162592	-0.2060887759848161	-2.0407608501135925
ZN329.H14CORE.1.P.C	-1.4445682528860386	1.228703970149841	0.47987239434409246
ZN333.H14CORE.0.P.C	-2.8449677443835375	2.202840441505987	2.766170414408823
ZN335.H14CORE.0.PSG.A	-1.4352116446789807	2.749339373970899	-0.6803364674258174
ZN33B.H14CORE.0.P.C	-0.7971813405082039	0.6925358727280441	0.20500975664463464
ZN341.H14CORE.0.P.B	0.07698366000342122	0.29689625513118123	-0.44244394917742047
ZN347.H14CORE.0.PSGI.A	-3.034232583720665	2.057979881795473	2.865680616849153
ZN358.H14CORE.0.SG.A	4.068131399021604	-4.171833781536738	-2.6711393569702087
ZN362.H14CORE.0.PSGI.A	-5.9140058674	5.0013287124322705	4.762305917669379
ZN382.H14CORE.0.P.B	1.2673071661452144	-0.8294052113865144	-1.0716825605999534
ZN394.H14CORE.0.P.C	-1.8683705982761625	1.9418618893899224	0.5857586738898751
ZN425.H14CORE.0.P.C	1.7327964179536022	-6.733187305855657	4.807679289243456
ZN430.H14CORE.0.P.C	-3.4193376467212144	4.125086626954152	1.4627611490106633
ZN432.H14CORE.0.P.C	3.338138315880769	-4.009679936438816	-1.3790194220581313
ZN433.H14CORE.0.P.C	0.5992687036766026	-1.654340350651986	0.7656989260363991
ZN441.H14CORE.0.P.C	0.531488942772392	0.319252392810509	-1.6773306519584688
ZN443.H14CORE.0.P.C	1.3860634323641168	-2.920030999237709	0.8549687484305338
ZN449.H14CORE.0.P.B	1.895514181265515	-2.376722510402789	-0.520386414583953
ZN449.H14CORE.1.S.C	-4.950360783888239	1.961708232562308	7.135663502997303
ZN454.H14CORE.0.P.B	0.9820917278525597	-1.140849915375526	-0.23040178771617595
ZN454.H14CORE.1.SM.B	2.6571465590962333	-3.9573686144343667	-0.20889473218834906
ZN460.H14CORE.0.S.C	-0.7386966446753586	1.687634338756639	-0.7195504766276317
ZN471.H14CORE.0.PSG.A	0.841075188511352	-3.1078335750147534	2.1279391354902115
ZN480.H14CORE.0.P.C	-0.48140341627960664	-0.31603414264172336	0.9493874540497885
ZN493.H14CORE.0.PSGI.A	-0.16671139986512293	-0.8923512301932619	1.1665077085344309
ZN497.H14CORE.0.SG.A	1.1722748702218593	-1.3138635162521177	-0.5003979771616831
ZN506.H14CORE.0.P.C	-3.926683121024374	5.041826809346546	1.081878794409683
ZN507.H14CORE.0.I.B	-0.3805223669423984	3.238571001938111	-3.3144028603953903
ZN516.H14CORE.0.S.C	-1.281838859891666	0.5884394606712964	1.6338639911280584
ZN524.H14CORE.0.S.B	-0.9605480943481306	0.8177559974500987	0.6797967501860837
ZN527.H14CORE.0.P.C	0.9718014864910837	-2.3566229543114954	1.1506727490370081
ZN530.H14CORE.0.P.B	1.8365544790596158	-1.8666563603688664	-0.8277678485853444
ZN532.H14CORE.0.SG.A	-0.815128959719858	1.3928730315128686	-0.40316133823809175
ZN540.H14CORE.0.P.C	-2.7382948806747636	4.304022458325913	-0.9767259358765449
ZN543.H14CORE.0.P.C	-2.035105205882785	0.07935880758093948	3.5952079477512924
ZN548.H14CORE.0.P.B	-2.2693703793941076	0.4004045693085051	3.592791463962378
ZN550.H14CORE.0.P.C	4.510618867849908	-3.3408509644564335	-4.606026485717869
ZN551.H14CORE.0.PSG.A	4.3557769071170975	-2.8493935812046645	-4.469718766598203
ZN554.H14CORE.0.P.C	-0.1966396053413265	1.309750163630006	-1.108264875183597
ZN557.H14CORE.0.P.C	1.2419177262848284	-4.111634004021771	2.7978771678268415
ZN558.H14CORE.0.P.B	-1.8062780159066874	2.3485802635368507	0.2836403540020223
ZN560.H14CORE.0.P.C	1.857588741630688	-0.6773857123814238	-2.4537662083265013
ZN561.H14CORE.0.P.C	2.5544002650250888	-2.069405454037299	-2.1432311249871265
ZN562.H14CORE.0.P.C	-0.3805270375676769	-1.4952553094931413	2.588891097957765
ZN563.H14CORE.0.P.C	3.307217456022061	-2.724249088678174	-2.704281653828482
ZN563.H14CORE.1.P.C	-0.680123828381938	0.37039924095771926	0.5838618021191188
ZN564.H14CORE.0.P.C	-2.0385420194205595	2.8212110697394044	-0.09464547467425267
ZN565.H14CORE.0.P.C	-0.16639244504599968	2.046222479747496	-2.070607783625936
ZN567.H14CORE.0.P.C	1.617680229297272	1.426844597125211	-4.931305774728778
ZN573.H14CORE.0.P.C	-0.6423576020014554	3.358270164568805	-2.809156647268333
ZN574.H14CORE.0.P.B	-2.656547050694352	1.6374208610408634	3.085685129421343
ZN575.H14CORE.0.PSG.A	0.2561307402738686	0.6338886491390179	-0.9146771108310573
ZN580.H14CORE.0.SM.B	-2.804989380727681	4.506101859299238	-0.12491304276365842
ZN584.H14CORE.1.P.C	1.3779847354773078	-2.308105900857726	0.13663958803459011
ZN595.H14CORE.0.P.C	-3.0176940136254413	2.89197043680975	2.1007684154447004
ZN610.H14CORE.0.P.B	-0.3948533150265415	-0.6981198105691362	1.7695498241107688
ZN611.H14CORE.1.P.C	-1.9534005383642408	0.5515505770345803	2.7413905118114466
ZN614.H14CORE.0.P.C	-1.1881554635917122	3.020245793041174	-1.5011849099389867
ZN615.H14CORE.0.P.C	3.7403956836837478	-3.98275092631108	-2.2157573271251407
ZN616.H14CORE.0.P.C	-0.2961626698800057	1.9978725657791796	-1.9308745196684096
ZN623.H14CORE.0.PG.A	-1.2858949065317304	0.8685589583723682	1.3179801580226063
ZN626.H14CORE.0.P.C	-2.550943643117124	1.0740277550040722	3.2883243276147147
ZN627.H14CORE.0.P.C	-2.167581513973649	1.4194632429015022	1.8178586460613688
ZN646.H14CORE.0.PSG.A	2.261206159062022	-1.9412160767421336	-1.3016707539521064
ZN648.H14CORE.0.PSGI.A	-0.7061291662121102	-0.3360752059726945	1.5710312917872253
ZN662.H14CORE.0.P.C	2.201672932788206	-1.413354852069384	-1.764524576096849
ZN664.H14CORE.0.P.C	1.4713044200623602	-1.5640376836117722	-1.1695785831284333
ZN665.H14CORE.0.PSG.A	0.6348743930362257	-0.7422566936074162	-0.04928677330713771
ZN667.H14CORE.0.P.C	-2.3539235084750074	2.023059248391584	1.467472805832411
ZN667.H14CORE.1.P.C	3.3351780074732846	-2.451962882594705	-2.9459948738945414
ZN668.H14CORE.0.SG.A	2.8392697178862254	-3.080129189105431	-1.5395361942761705
ZN671.H14CORE.0.P.C	2.1279862213665965	-3.2989808798485596	0.33938747729672686
ZN674.H14CORE.0.P.C	-1.5203663296681103	1.9117485752428227	0.18357815489839166
ZN676.H14CORE.0.PSG.A	-1.1230546631248663	0.7186278088738803	0.770016227201482
ZN677.H14CORE.0.P.C	-4.0891019449001185	3.131980847633399	3.871095420281832
ZN678.H14CORE.0.PSG.A	-3.7506199023813913	3.3825521697464884	3.0696498538308923
ZN682.H14CORE.0.P.B	2.858416556781934	-3.228296494975985	-1.14622202859591
ZN684.H14CORE.0.P.C	2.461786918874988	-1.5875882541894577	-2.138862254174644
ZN689.H14CORE.0.PSG.A	1.622908387015399	-3.0930691818174743	0.4543009968936295
ZN699.H14CORE.0.PSG.A	-1.261867754528641	0.9120595664023353	1.1932947945231824
ZN707.H14CORE.0.P.B	-2.3265731154399663	2.146961353298815	1.3832575903785944
ZN708.H14CORE.0.P.B	-1.7494591904265684	1.05825856375903	1.0282370115431363
ZN713.H14CORE.0.SM.B	1.055095550898915	0.7581957088150056	-2.631689424162949
ZN724.H14CORE.0.PSG.A	-1.870568278794869	1.4976060118812882	1.394411530472328
ZN732.H14CORE.0.PSG.A	-0.6271373960094572	0.10470915433772633	0.8739361709993347
ZN740.H14CORE.1.S.C	4.385496049926872	-3.5184436440135807	-3.7388980724609038
ZN749.H14CORE.0.P.C	2.1101217198435247	0.14594236546008763	-4.006017109376649
ZN749.H14CORE.1.P.C	-1.4539163917077615	1.518012456422423	0.44471005056254626
ZN75D.H14CORE.0.P.B	0.754821241368275	-2.236731364716237	1.3683616069272109
ZN75D.H14CORE.1.P.B	-0.8733198791081578	-1.1959240329320266	3.054324131421881
ZN765.H14CORE.0.P.C	-4.009422631414068	4.216859076718929	2.3914604045693695
ZN766.H14CORE.0.P.B	-0.4715466519748349	-2.240891238349843	3.5195653950713868
ZN768.H14CORE.0.P.B	-1.0917358728611182	1.7015338366903379	0.11517438228883704
ZN768.H14CORE.1.P.B	-1.7824584778923873	2.076985603371088	0.7905459348152397
ZN770.H14CORE.0.P.B	-0.912373007707993	1.8478545527420736	-0.8146812334925674
ZN771.H14CORE.0.SM.B	-3.252913311227421	4.946810399723986	0.27968010161634227
ZN772.H14CORE.0.PG.A	-1.3316147430984138	0.7788511984787021	0.6829704934885217
ZN773.H14CORE.0.PG.A	-1.4001493421065434	2.4403782997884447	-0.5169548885307423
ZN775.H14CORE.0.PSG.A	1.2310594844123095	0.7183488733635198	-2.663334234813771
ZN776.H14CORE.0.P.C	2.706507681162358	-3.5489729479427576	-0.6652299721125284
ZN787.H14CORE.0.M.C	-1.3879330541557533	1.512452368213863	0.7218232998470915
ZN790.H14CORE.0.P.C	-1.4582817597764466	0.5943715388771009	1.9287857689498016
ZN790.H14CORE.1.P.C	-0.4924115809960263	-0.26718931020187214	1.2564613246543352
ZN793.H14CORE.0.P.B	0.018149666469653526	-1.6825564067301297	2.0387951924808276
ZN799.H14CORE.0.P.C	-1.1115158150582414	-1.5343418657443892	3.731852417649084
ZN800.H14CORE.0.PSG.A	3.459612294888671	-4.39094491508947	-1.2400764253383114
ZN805.H14CORE.0.P.C	-1.8715845286946151	1.9216327097463644	1.1708014174547745
ZN814.H14CORE.0.PSG.A	-1.4559664267447119	0.057899058820936614	2.2298942621165945
ZN821.H14CORE.0.SM.B	-1.973138248584881	0.2582439363094945	3.624999812378662
ZN823.H14CORE.0.P.C	-2.204756168429414	1.4828306481915614	2.3387695164839855
ZN836.H14CORE.0.PSG.A	-0.4027620999039394	1.543915683845689	-1.1507181966659021
ZN845.H14CORE.0.PSG.A	0.3382831487064492	0.4975148619505065	-1.1502653955591393
ZN853.H14CORE.0.SG.A	-0.7797430896517624	0.4483432378421792	0.902665577682603
ZN875.H14CORE.0.P.C	-0.4758801948370375	0.4330851643203126	0.5304031759905651
ZNF12.H14CORE.0.P.C	4.517041822337488	-7.043562262403444	0.19847705947277336
ZNF12.H14CORE.1.M.C	-2.0181785730282127	1.4917176658664624	1.8109385110665366
ZNF14.H14CORE.0.P.C	3.500443463262737	-5.402803557274474	-0.03855362244007115
ZNF20.H14CORE.0.PSG.A	-1.2255902000347336	2.948121692801753	-1.2755082188967315
ZNF23.H14CORE.0.P.C	-0.5487793263960291	1.051836642355738	-0.49181572476296875
ZNF24.H14CORE.0.P.B	-0.6751604648824332	2.2410779715994433	-1.3338016430526625
ZNF3.H14CORE.0.P.B	-0.8708552209451298	1.1370324398046068	0.33623360074968334
ZNF30.H14CORE.0.P.C	7.994011550279334	-8.26508145347791	-5.119670058681671
ZNF34.H14CORE.0.P.C	-0.38610927640906495	-1.8624800627424136	2.936197798932796
ZNF35.H14CORE.0.P.C	-0.45481980998238014	1.7473483716747689	-1.7230197779109024
ZNF35.H14CORE.1.P.C	-0.23340444558556656	-2.4591408329867717	3.2332720829386887
ZNF43.H14CORE.0.PSGI.A	1.593463598317131	-2.9925718386932347	0.5797737199265665
ZNF48.H14CORE.0.PSG.A	0.23335939758693425	-1.3849205143858367	1.8106752920134932
ZNF7.H14CORE.0.P.B	-0.41397068116629104	0.12331230382691265	0.4328602274536914
ZNF70.H14CORE.0.PSG.A	1.8697228039677265	-0.9743962466066227	-1.9525610561662488
ZNF74.H14CORE.0.P.C	2.0385827935859493	-1.813466091572134	-1.666987890263871
ZNF76.H14CORE.1.SM.B	0.2767773912046902	-0.12211635112974517	-0.15706198492970788
ZNF77.H14CORE.0.P.C	-1.017975101819987	1.6273994313488829	-0.48723708674854693
ZNF8.H14CORE.1.P.B	1.8465534227638818	-1.5930844610994186	-1.4727826966254527
ZNF81.H14CORE.0.P.C	4.03696693218449	-3.8917954008286406	-2.5997691583505023
ZNF90.H14CORE.0.P.C	-2.4189655048511916	3.760957275877487	-0.0487295812216783
ZSC12.H14CORE.0.P.B	3.5297658919101966	-2.9635086006379088	-3.188156557886176
ZSC16.H14CORE.0.PSM.A	-4.670881208347261	4.553944342619778	3.159706118216234
ZSC21.H14CORE.0.P.C	1.6304103640181138	-0.29239497480313714	-2.264144788466687
ZSC22.H14CORE.0.P.C	1.5458208378599019	-1.7119638196769067	-0.8114628146711925
ZSC23.H14CORE.0.M.C	-4.14198133652459	6.726273220415834	-0.30294835809231924
ZSC25.H14CORE.0.PSG.A	0.29491819761856014	-2.203512243940633	2.002584302319641
ZSCA1.H14CORE.0.SM.B	-4.150830950510205	2.8666592640096002	4.3917292173992415
ZSCA2.H14CORE.0.PG.A	-4.863946340315326	3.285386691373596	5.293390136952667
ZXDA.H14CORE.0.PSI.A	2.8415599073224094	-2.2147026177602194	-2.690466136779003
ZXDC.H14CORE.0.PI.A	0.2939171222108874	-0.12804705597229848	-0.4910557667409018
