	DDF Tumor	HUH7	Hep3B	HepG2	NAT	Standard Tumor
ZNF676.H13CORE.0.PSG.A	0.00016106169843418768	2.1018135295339448e-07	2.557287076927985e-05	4.234365913384452e-06	0.0005447544552297488	0.0025827192864914463
ZN540.H13CORE.0.P.C	0.00013716584122460193	5.961301119718106e-08	3.5002628104795144e-06	5.788583473503203e-06	0.0004810723807431101	0.0019265778953806798
TZAP.H13CORE.0.P.B	-0.061472292402089124	-0.001986913064464817	-0.008322474525423392	0.008893130350047374	0.09561851736770467	0.013272781688280298
ZNF689.H13CORE.0.PSG.A	0.00032420190330362513	1.3532005377120866e-06	0.00014400199014594605	0.00010313711253232101	0.0006889179455622299	0.004626640890547231
KMT2A.H13CORE.0.P.B	0.0824424788203309	9.010660677647793e-05	-0.03107268254824471	-0.018143381459379743	-0.22473154279390448	0.21863550395661915
ZN124.H13CORE.0.P.C	1.4658433853638202	-0.13604227104900574	-6.3166165824377165	-7.167939045019805	-2.575818038212789	2.7349577357714616
ZNF8.H13CORE.0.P.C	-4.3936643702197747e-05	1.008549123442462e-08	2.1392016946720217e-06	-5.745724356849309e-06	-6.944567481679116e-06	-0.0005395314352479626
VEZF1.H13CORE.0.P.C	-2.1983186234093575	-0.4088886174376137	-1.5064099280608405	-5.424202000577617	3.990268442446897	2.2588061827167603
ZN768.H13CORE.1.P.B	0.7649987630464428	0.003289359103834254	0.4556253404149902	0.2472199428531762	-0.028918559177468862	-1.1126339359493649
ZN432.H13CORE.0.P.C	-7.269059072626719e-06	4.3018947439892826e-08	-8.113776964910253e-07	1.1359104474588245e-06	-1.5545136921532852e-05	-0.00018419193592682118
NR1I2.H13CORE.0.M.C	0.0002504071964905235	1.3709880475499578e-06	-9.421556952022162e-06	0.00011830876123844024	-0.00018864819954947831	0.0027830080347767934
CTCF.H13CORE.0.P.B	-0.005315455990380732	-5.610731720191923e-05	-0.001090754007050196	0.000405711890363703	0.006399614096180863	0.0011690951086713434
ZNF26.H13CORE.1.P.B	5.2126735217377185	0.060425139429504976	2.0171002752185667	2.6689238917106746	-9.631807472110589	1.7946905945157283
SOX10.H13CORE.2.S.C	0.04798058770648426	0.0010593894145447685	0.022556532771992047	0.006710097238878186	-0.05650633968497116	-0.025351801877345512
ZBT7B.H13CORE.0.SM.B	-0.7384592330949012	-0.0014731695536092998	0.10837554854137965	-0.03992135240263049	1.0900211839516551	-0.46478839833591784
SIX1.H13CORE.0.P.B	1.2296812498571568	-0.0024831835655079256	0.01760941669021352	-0.7365029100959104	2.8147677425003983	-2.41533751509161
CXXC4.H13CORE.0.PSGIB.A	-1.398922021326977	0.7169130407993842	5.47026299848337	3.2145724520842127	-5.503033747734279	-4.250106266762529
NR1I3.H13CORE.2.M.C	2.3610148524216115e-05	-6.359575397514117e-07	-5.4120891792348765e-05	-7.369175379698152e-05	0.0007256488235359989	0.004102526090502515
ZNF48.H13CORE.0.PSG.A	0.0021401493019583546	7.295524968123867e-06	0.0008192461923043695	0.0008416838618255043	-0.00245572709918681	0.01035062972229816
SIX6.H13CORE.0.SM.B	1.2320279655204824	0.1980158209766281	1.836516262400755	4.584983254627306	-1.705526393989887	-1.4701016780829335
FOXR2.H13CORE.0.M.C	-0.04290243051380769	0.002497826293020436	0.29618154075025616	0.3290763306093074	-0.9815943643699838	0.5184118243963327
AHCTF1.H13CORE.0.B.B	-23.98956732467074	5.821761337290502	-1.512910213661645	-4.401808605158258	-50.25625113270381	-129.27954256014155
KLF3.H13CORE.1.M.C	10.47035883760971	-0.44489133789827595	-0.7378403992823879	4.3148389432651335	1.48138948157075	-1.4713278956375209
SRBP2.H13CORE.0.S.B	3.4429214550111373	0.017122525955193115	2.646151561189538	1.013860032569797	-6.110034358511197	1.1838339521972077
ZN449.H13CORE.1.S.C	0.03833755648616484	-0.002664525315853895	0.05368237068927983	-0.0698934459143641	0.08698689356359257	-0.03716468985347283
HSF2.H13CORE.0.PSM.A	0.05926282595927552	0.0004419318128906622	0.01822665412584905	-0.01071849028664464	-0.07984894798573336	0.004801591226469753
ZNF699.H13CORE.0.PSG.A	0.008480180214545599	3.3853098387747225e-05	0.006690719164225545	-0.005107800888246426	-0.012756844470596064	0.002593941649087791
ZNF800.H13CORE.0.PSG.A	0.00031230403145261624	-6.334042944521586e-07	0.0003036921089399523	-4.8323940072792645e-05	-0.0005751601799687615	0.0004305839637177955
HOMEZ.H13CORE.0.S.B	-0.13354635332353584	-0.0002946206948370145	-0.052165222087356904	-0.03949632302679614	0.1916550588100708	-0.002498283154023119
ZN611.H13CORE.0.P.C	-5.8499139255860644e-05	-1.0388747379989372e-07	4.629103345810109e-06	-5.643638310621197e-06	-0.0005638159882420578	-0.0018629602226682617
SOX2.H13CORE.3.S.B	-0.9636480494382061	0.11728801502173554	2.6977652429980403	-4.587086458724136	3.6176827840870565	-1.6135854001797725
ZNF358.H13CORE.0.SG.A	-1.3456132921519968e-13	5.041626200663384e-17	-9.699221009322e-14	-6.134942190083977e-14	-2.0977540662174058e-13	-1.0887799180402323e-12
FOXD2.H13CORE.1.SM.B	0.021085038212252497	0.0005861590179750928	0.0035351536342175453	0.004119048587053167	0.05246872273943727	-0.093623431461032
ZFP82.H13CORE.0.P.C	3.704338315880736e-06	-1.2200111207571923e-08	-2.7509969177433897e-06	5.750954254308306e-07	-3.125220461910888e-06	5.775345589233328e-05
ZNF34.H13CORE.0.P.C	-0.0002280630117498765	-3.178624776670768e-07	-4.8608815756794023e-05	-4.166532200023495e-05	1.5454769221038172e-05	-0.0008154692503089987
TAL1.H13CORE.1.P.B	0.13644379614480906	-0.0029137074793361734	-0.11910691571941745	-0.10621778750829583	-0.02047900845219184	0.11282270326623045
ZNF10.H13CORE.0.P.C	-0.012921276299359588	-0.0002528267177274051	-0.015617310912618204	-0.006090670095419066	0.017664145189992753	0.020307847196638685
NR1D1.H13CORE.1.SM.B	-0.003768577284856128	-1.0550146621268274e-05	-0.001757187470865996	0.00017477821659681245	0.028533072568216737	-0.02410299388581744
CREM.H13CORE.1.P.C	0.002879611834947449	8.98714836401566e-05	0.01342570799562011	0.008878388514518614	-0.0416117624164197	0.022253066555143305
ZBTB2.H13CORE.0.SM.B	5.314602781862003	0.05037967051175176	1.6001761887707757	1.0757074328520149	-7.441528221966348	1.406831996917094
ZFTA.H13CORE.0.PSGIB.A	4.718206658297173	-0.4953377988353189	-2.979200896436642	-4.116274742980156	-13.955187529126967	7.6352410807809505
HINFP.H13CORE.1.P.B	1.9651895382370101	0.019138439317623403	2.7831182599703412	4.426612776711431	-12.649773331848133	2.9853169235982833
NR1D1.H13CORE.0.P.B	-0.04528486843697337	-0.0006864993522823906	-0.027944608331551546	-0.021856333323205766	0.05082049121780571	0.02853009919097668
ZN251.H13CORE.0.P.C	-0.008765902829654686	2.3452520923712615e-05	-0.00299045663630399	0.002483313970195798	-0.018248896284532613	0.020481198292592546
ZNF14.H13CORE.0.P.C	-0.000336224261933147	-1.5157747041389313e-06	-0.00011146040168635674	-8.162643606731879e-05	-0.0010796048516293465	-0.00529537224054645
MTF1.H13CORE.0.SM.B	-0.011529295560153387	0.0001637836582076822	0.017451950916585218	-0.002333441963665229	-0.06347954442650619	0.06809328498831904
ATF1.H13CORE.1.P.B	-0.01883763923275642	0.00021719288882941892	0.008827218557649794	0.00935658564041125	-0.04318205222908519	0.04555230508593506
FOXH1.H13CORE.0.P.B	0.41708769019166636	0.11839452739199019	1.6414074942144206	2.7489561763098953	0.03658135125818676	-1.2947205349570001
MEF2D.H13CORE.1.M.C	-0.0029826330800998132	3.384102039733592e-05	0.003883593223154888	0.00333003743924738	0.009122483434767467	-0.011318811909124623
NR2E1.H13CORE.1.S.B	0.12905620265241285	0.0004059933187440887	0.03716259397525671	0.015141023809020797	-0.10668584501967769	-0.03947121967606099
ZNF92.H13CORE.0.P.B	6.010162441251838e-06	1.2021130748630424e-08	1.406542912493086e-06	-1.2589901040514704e-06	-2.0222396972970542e-06	4.5824879184592445e-05
NR1I3.H13CORE.0.P.B	-0.0003494852798180097	-4.969634069775119e-06	-0.00023495557955749815	7.693499798075148e-05	-0.0006624767199264286	0.0012268019108989782
NANOG.H13CORE.2.M.C	-19.065222038338053	-0.20040601226791147	-6.630576050778844	-5.640659303750975	32.12036911316174	-3.1295691458040062
ZNF746.H13CORE.0.PSG.A	-0.0004042957526760344	-3.948893309009473e-06	-0.0006712546743482533	-0.0005243498747690027	0.0010342337628007519	0.002582342485169834
FOXE1.H13CORE.1.S.C	-6.118985109021621	0.17478336432840436	-8.675872229628448	-8.018688136928644	19.36716790436949	-4.947235942357677
ZN527.H13CORE.0.P.C	-0.0009166380587725452	-1.968582193934691e-05	-0.001826410190299805	-5.6494452467831856e-05	0.008115573458070114	-0.005278210696878313
PRD14.H13CORE.0.P.B	-0.0997177045904079	-0.0004828392791965385	-0.04654339176061156	-0.040926598732050276	0.117479761399143	0.026380837727005845
HAND1.H13CORE.1.P.B	6.124970632138943	-0.6905598514743508	-0.931114961755872	-1.7528670459490283	1.8327453902978732	1.7737271694462307
ZNF12.H13CORE.0.P.C	-4.889184952203704e-06	-1.9901988214786722e-08	-8.865336615114387e-07	-3.7033267860428465e-06	-3.0000585082544144e-05	-0.0001698984942171879
LHX6.H13CORE.0.P.B	-7.329738479231915	1.3587175967318066	5.481005487950212	4.986329147564746	-20.163495812383125	-4.155023648900786
CAMTA1.H13CORE.0.PSGI.A	0.8037790253511359	0.0051174265159259725	0.6283320804351871	0.2880625925584263	0.15934542548764452	-1.2928750941123195
ONEC2.H13CORE.3.P.B	0.7971059824728491	0.09087679595555237	5.324579842744416	4.84481891038622	-2.4293184944379007	-1.2038932671713038
DMRTA.H13CORE.0.SM.B	-0.11168634387170352	-0.0002173299991414108	-0.024301582687100535	-0.007854951628467213	0.16540525627733244	-0.04950033790339627
ZN616.H13CORE.0.P.C	-7.157669638754112e-10	1.7903121479542654e-09	2.1477298204159234e-07	8.666053952959178e-08	-2.8211254631822956e-06	-6.380047020952246e-06
ZNF83.H13CORE.0.G.C	-0.030162603063005573	0.0003836068803593945	0.006946809343477895	-0.025912028773984106	0.016386573241898548	0.013750725613199904
ZNF668.H13CORE.0.SG.A	0.06489870145251805	0.0007743567686173137	0.08001335330421395	0.051098095334977375	-0.31906051861427814	0.1598390378218347
ZN823.H13CORE.0.P.C	-0.0008242830948166672	-1.5634440839753966e-06	4.5412089547390436e-05	-0.0003771604109340816	-0.005306508861251564	-0.026159143481814546
Z324A.H13CORE.0.P.B	0.00024225202689978894	-3.9771982639893476e-08	-7.826989256436627e-05	-5.1217280384346526e-05	-0.0008825961343681512	0.0008089760036140047
P73.H13CORE.0.PS.A	0.0012762144713299268	-5.636725933242086e-05	0.0031348604625485903	0.007624841235407267	-0.016601601832665527	0.012713272034544002
FEZF1.H13CORE.0.P.B	-5.916146718090653	-0.16277683996736264	-6.035976296332851	-5.110703490717973	6.692877213841618	1.1881275398245799
TBX19.H13CORE.0.PS.A	-3.7627619786045034e-05	-9.380129314814712e-08	-1.2396230100586677e-05	-9.958386421723835e-06	-0.00011805466990212058	-0.0006274120856993256
TEF.H13CORE.0.SM.B	-5.619418885011779	-0.281226509320782	-5.594520013582107	-6.54073637125306	8.767770768412595	1.1560124409378498
ZN587.H13CORE.0.P.C	3.0825988362711624e-05	2.7401381528030123e-07	1.967230284529269e-05	1.8058312714463535e-05	0.00024247978292666464	0.0009525510765629111
RFX1.H13CORE.2.S.C	-0.3724775032262786	0.07939761908659967	2.9625968898404573	2.3593075199279125	-2.910878541241021	0.18888618456079928
ZN528.H13CORE.0.P.B	-0.00035166919433998793	9.334437533700246e-07	-0.00019100023966173158	-4.264776743949385e-05	-0.0005053262832838744	0.0008873778388037909
ZN567.H13CORE.0.P.C	-4.557589655063766e-14	7.264044582227205e-17	-3.127923593159203e-14	-1.7214367350601246e-14	9.537406025541413e-15	-5.183422082124243e-13
HIC1.H13CORE.0.PSM.A	-6.359970623336644	-2.2247728969536937	-14.40354443406361	-11.756411522437968	16.23020346809068	17.342110129598034
ZSCA1.H13CORE.0.SM.B	0.005353793225305375	8.210444379632146e-06	0.002790771950345065	0.0010184489668694403	0.0006217412731057366	-0.007521940975860499
ZN214.H13CORE.0.P.B	-0.00018914372368271934	-2.6249581203600047e-07	-4.4309873824130776e-05	-7.948982762526539e-06	-0.0002094506703722772	-0.0025610386982098973
ZNF648.H13CORE.0.PSGI.A	-1.360626062688086e-06	-3.302166548575944e-09	-4.2732237666549464e-08	3.188814867390959e-09	-7.050144209327354e-06	-4.029321017215638e-05
ZNF66.H13CORE.0.PG.A	0.3377953413900952	-0.001028535380073043	-0.007234067582945333	-0.17322830037353953	0.5297274953591312	-0.6600034910942252
ZBT24.H13CORE.0.P.B	0.0015730197516699734	9.143983544330398e-06	0.0009732238487072946	0.000868387310849496	-0.0009825780631823604	-0.0017104319708354096
PRD15.H13CORE.0.P.B	0.012968234420562995	1.2067440488868595e-07	0.002990804662956968	0.0009250508899478094	-0.01701589661617216	0.005380342348497985
ZBED4.H13CORE.0.SGIB.A	1.835851833667791e-05	-6.390446673661517e-07	-3.264759377505844e-05	-5.284803549550817e-05	0.0003839196155262872	0.0007367478149764904
SETBP1.H13CORE.0.B.B	0.25096478396386446	0.0015501463359488881	0.03508127669727803	0.04816481273643102	-0.6679802217149053	0.4236997760422456
ZN136.H13CORE.0.P.B	0.02933833443832725	-2.0303628929603514e-05	0.004034615400227625	-0.00047212941212273774	-0.0843961292295996	0.06619674572187655
REST.H13CORE.0.P.B	-0.003207947392196454	-1.762814960038087e-05	-0.0003654667080246103	-0.00019414231448720815	0.011997633520399321	-0.008333930731369222
NR2C1.H13CORE.0.S.C	-16.814241652038362	-0.858564031136155	-2.4519998499955875	-3.5495699801270497	9.394748168971283	8.826396229301583
ZN563.H13CORE.1.P.C	0.027279981110367228	-0.0010010116975967239	0.026971607125842508	0.01608027759138103	0.02945663854230407	-0.06401725561829637
ZN320.H13CORE.0.P.B	-2.262227604724076e-06	-1.3352511252673176e-07	1.7794396707724593e-06	-6.792588397308739e-06	-0.00012790420138633776	-0.0003845678773296103
ZN671.H13CORE.0.P.C	0.0002134051721381783	1.9264722027469004e-06	8.374431171605385e-05	0.00016740457858790988	0.0019903314857933384	0.008777447284807215
SNAI1.H13CORE.0.PSM.A	2.8727061764338826	0.027581959945846918	8.93885675401126	6.792045712891257	-13.875207620082374	1.6352797651125544
TBX21.H13CORE.0.PSM.A	-0.011217803603557336	7.919247422131416e-06	0.006937216663936025	0.0052530620147092305	-0.04013579033787429	0.03239781539267879
ZFP14.H13CORE.0.P.C	-0.0024141090054196914	-0.00011831785795803003	-0.00783058962804674	-0.009932277014119533	0.019727719440063223	-0.002033871038552867
ZN492.H13CORE.0.P.C	0.0003003117938547413	1.592931702879247e-05	0.000868883158214124	0.00018557213792322016	-0.0012289529497580473	-0.0005101863301048554
ZNF57.H13CORE.0.PSG.A	-6.448788903207633e-05	-2.2394851962189394e-06	3.808921764359414e-05	-0.00014828283262705762	-0.0009469690746431055	-0.007891318736411284
ZNF841.H13CORE.0.PSGI.A	0.001139059156717697	7.011941712936752e-06	0.0014349497705237473	0.0008480374580749532	-0.007416598229877538	0.005112984874253249
TWST1.H13CORE.0.P.B	0.001632079324745124	-2.625463392800216e-05	-0.00025456769090349406	-0.0005641197079338287	0.011518692634955184	-0.011045498743400028
ZF64B.H13CORE.0.P.B	0.021478732373686388	-0.0003258891869510001	-0.01341949761942896	-0.02922683415866661	-0.153698094642043	0.16915187223382958
RLF.H13CORE.0.PSGI.A	-0.09243142574981568	0.003086170782830388	-0.042058771465653066	-0.02023207568597837	0.25171962414212024	-0.20351938806813769
ZN770.H13CORE.0.P.B	-0.18760646357972338	-0.19107827606736014	0.9786224793787295	3.603492984310867	-8.055667484971503	3.242683784531025
ZN778.H13CORE.0.P.C	0.13772825316650097	0.00018216817412746879	0.005764575274589544	-0.07768786309463133	0.2864200759513898	-0.36603732381384513
ZBED1.H13CORE.0.S.B	0.043752265374184564	0.00039862404715604213	0.009198079554521503	0.031085162076877546	0.004229768775513964	-0.07660541773715344
ATMIN.H13CORE.0.P.B	0.004529816708947166	1.5865477171966763e-05	0.0020912976089693123	0.0010634949813789318	-0.0027603732916233145	-0.003184348270242468
ZN548.H13CORE.0.P.B	2.7877834241742897e-05	-9.153142327461187e-07	-3.453529960625246e-05	-3.868186976594752e-05	0.0002921159945560884	0.0008950090187750209
SP7.H13CORE.0.P.B	-0.11209387781649571	0.0006607034088708648	-0.1262661756349322	-0.1034406668133112	1.1680394554505111	-0.9231778736468977
STA5A.H13CORE.0.P.B	-6.03855788256484	-0.2945482660322468	-4.220657283240634	-4.376225045893684	14.087493779329606	-1.0660160722908179
GLI4.H13CORE.0.P.C	3.2384644552735687e-06	1.5002960370514058e-08	1.1916027629523323e-06	1.489056678199678e-06	1.450903484584551e-05	6.867676117974389e-05
IRF3.H13CORE.1.SM.B	1.8871950858699617e-06	-4.19729578518476e-08	-3.170697362857784e-07	6.637534310873559e-07	9.916567677286245e-07	9.961056227880143e-06
ZN880.H13CORE.0.P.C	3.7254654547682723e-05	-1.0047701840781844e-07	-1.7911081325151578e-06	4.1927035715503905e-05	0.0005045683303084121	0.0018292100151958291
ZN680.H13CORE.0.P.B	0.002496654018355549	-7.4187639882019575e-06	-0.000245503355129677	-0.00016946504714331103	-0.0015805433352584245	0.0004175289756144779
MCR.H13CORE.0.S.B	0.023078856840436052	9.930770193344669e-05	0.0005923479847626641	-0.0039703364422067735	0.10789709171521165	-0.13118461295001596
ZN674.H13CORE.0.P.C	0.033858729156871395	-0.0001452666257623948	0.002802620900581896	-0.00541763378303784	-0.029489260218923116	0.011913802749198833
PITX2.H13CORE.0.SM.B	-1.7666668971704913	0.036602202267388556	0.1988999585743387	3.968473723092455	-0.5515435587725304	-0.31938292439562815
Z705G.H13CORE.0.P.C	5.56693825371094e-05	-5.518775035036685e-09	1.489853715391842e-05	-8.13591897090968e-05	0.00011152065660330331	0.0005926721035737557
GLIS1.H13CORE.0.P.B	-0.16402735779142444	-0.021672702540095786	0.33803206494095034	-0.024342053478754677	1.5853748567786161	-0.8026617502550435
NANOG.H13CORE.1.P.B	-2.358545397591521	-0.015549634083516256	-4.039029858069631	-1.5565576641518495	-5.641756611094877	3.6891750709319244
ZNF678.H13CORE.0.PSG.A	-0.0001303902207154893	-9.372666024122369e-07	1.5265441700708944e-05	-1.999923915603369e-05	-0.0009487836180793911	-0.0029029489491239464
ZN133.H13CORE.0.P.B	-2.9870568859382422e-06	-3.906150137971159e-08	-2.917028482784192e-06	-2.5001007980062656e-06	-1.4518689554450942e-05	-5.2302548361051217e-05
ZSA5A.H13CORE.0.SM.B	-0.036415574339988245	-0.0002309742885892992	0.022671606554504183	-0.01900322719778337	0.3035941281453975	-0.2627436259803322
Z280A.H13CORE.0.P.B	-0.022378239050261817	-0.0006706000721799145	-0.04120212363390069	-0.09383219715265716	-0.12112689035224632	0.2140645405080314
Z780A.H13CORE.0.P.C	0.00149302840498854	1.3585405186998743e-05	0.0010115275401522612	0.00040616108198388674	-0.0001408509393786207	-0.002376282036185064
ZBT22.H13CORE.0.SM.B	0.0005024153002387169	6.2405278390938e-06	0.0005516862431193952	0.0011050698916671476	-0.00313260780087277	0.0014955867019003722
ZNF772.H13CORE.0.PG.A	0.0002848460421565852	4.3432124288280124e-07	0.00013854670622820238	-1.2557833499740334e-05	5.667936404461545e-05	0.0031785349241917277
ZSCAN25.H13CORE.0.PSG.A	-0.001272502769435939	-8.577575697494233e-06	-0.0008630375433261026	0.00014761258629835788	0.0015162159843090405	4.7345587397996456e-05
SRF.H13CORE.0.PSM.A	-0.00655665928007348	-0.00022528767550006022	-0.0280881868732579	-0.036382919148412	0.39034438408403255	-0.3374448589436545
ZN460.H13CORE.0.S.C	3.9455561457558033	-0.17500207989892794	-1.2984597400170932	-5.559547631373164	12.021916231522296	-3.604896908859574
GRHL1.H13CORE.1.PS.A	-2.5914711242145585	0.21783660390468992	4.065824727382579	4.31787808584162	4.339540090822302	-3.48477436309588
HXD10.H13CORE.0.SM.B	-6.147663045330957	-0.08534235948374565	-4.84726405691478	-6.700742878175604	9.838193452120768	-0.37333005571670813
ZN730.H13CORE.0.P.C	0.17768251219071116	0.0002758261016348118	0.1743543095146538	0.16645221042109096	-0.6226588321192464	0.2190492828787429
USF2.H13CORE.0.PSM.A	0.011192125126574925	-3.441886315642194e-05	0.0005484165696519417	-0.0054787605571887076	-0.054323304997173326	0.05489136612517235
PKNX1.H13CORE.1.P.B	6.641410915550962	0.3646005118356283	6.671137634726467	2.9784563028685005	-6.008238547592751	-2.536552132821213
MBD1.H13CORE.0.PSIB.A	-17.998630793683013	6.891341159603439	14.570166989980581	7.950573595795251	-95.31615970054682	-146.48620762298287
CUX1.H13CORE.2.P.C	-0.0011023626934886152	-3.864486753184488e-06	-0.0006637908263780848	0.00010922283846462647	0.0013403151113650044	5.8579401935694745e-05
ZNF347.H13CORE.0.PSGI.A	-6.625953742781194e-07	2.36509075876348e-09	4.6488408691101635e-07	-2.3386566329033026e-07	-7.95130119696382e-06	-2.2616188639696167e-05
FOXB1.H13CORE.0.SM.B	-0.004090513648847204	-1.7454656772235984e-05	-0.0015050397654401424	-0.0008462009569303424	0.006980067870778164	-0.0015763649862304242
ZFP90.H13CORE.1.P.C	0.0010691980623288061	-1.8743107895687528e-06	0.0005157153069279549	0.00019400375446742941	0.0014547693398509719	-0.002422655216992078
ZN782.H13CORE.0.P.C	1.4570997425920116e-05	2.9365620761205925e-08	1.7891941832797567e-06	3.6104705789796586e-06	7.660609128243774e-05	0.00027916741351502634
ZBTB5.H13CORE.0.SGI.A	0.09157273746511566	0.0007788709937435192	0.11528977717976095	0.0525548967903128	-0.2036434154113829	0.0087099107372561
ZSC29.H13CORE.0.P.B	0.0005901441165510576	-3.3737289161379523e-06	-0.0002903800527324775	-0.0007797120074714436	0.003066221075929129	-0.002517387035209338
TEAD1.H13CORE.2.S.C	0.0034414435834952033	0.0001528997118684202	0.007158377029837629	0.010497844395009759	0.04901465754956587	-0.07112969594681183
IRF7.H13CORE.0.S.B	0.08514546845023399	-0.001190271510346101	0.07361050095670607	0.13688272692950734	-0.376761730789552	0.24681159810897815
ZN662.H13CORE.0.P.C	0.00012770029256979162	4.2193884771266126e-07	7.127427285326324e-05	1.2190097888769124e-05	0.0003653032220212761	0.0015871596948069287
ZBT7A.H13CORE.0.P.B	14.395644687309241	-0.788665467472351	6.227485868165478	0.5957467565341297	-6.362140223402878	5.6050146264287735
SMAD3.H13CORE.1.P.B	-5.597001503825273	-0.16949229155740436	-4.266734932652614	-2.5688111647996124	2.4581243352571724	1.6035101310855733
TCF20.H13CORE.0.B.B	-4.663552207270328	0.8098262020750766	2.005946927421515	-0.2788562687513496	5.396605764957258	-5.161121996152136
GLI3.H13CORE.1.M.C	-0.015076522356338457	0.0001883284742758322	0.028249004189679062	0.016827080847428667	-0.08624322034818842	0.054547157777376405
ZN765.H13CORE.0.P.C	0.00023996795140909208	2.0892776775858498e-07	3.548635357789969e-05	4.332620420006277e-05	0.00043776268837967576	0.0026267346055519674
ZN189.H13CORE.0.P.B	0.012083987738978326	0.00021238974148706988	0.05962796441096051	0.03815587110499677	-0.04468816873744918	-0.06734286464612439
ZN649.H13CORE.0.P.C	0.004765043440027821	1.0013764520309275e-05	-0.0011553260003393858	0.0014676869319714394	-0.005039836618051635	0.0008720552999280925
ZN282.H13CORE.0.P.B	6.888704725394012	-0.1345990474309903	2.442669850033757	-0.9578948113022906	1.8509471730233682	-1.7669926774805376
SRBP2.H13CORE.1.P.B	3.655338587230203	-0.9915983782177057	-5.773466091408231	-4.388013286787044	5.782543591516277	4.288149836540957
HSF1.H13CORE.1.P.B	-2.9290970107630017	-0.09931171069607646	-1.9929409519458117	-3.247153879407562	4.153362307191283	0.09492781359253863
ZN302.H13CORE.0.P.B	9.769912181772026e-06	3.503256843237744e-08	1.9927438516491092e-06	1.995851093950355e-06	2.9308279708419784e-05	0.00015872400299140376
ZN329.H13CORE.0.P.C	9.018724373319661e-05	5.230883067564907e-06	0.0005605364579615946	0.0003955397490838315	-0.0005414626413466631	-0.0003856394579999682
NFYC.H13CORE.0.P.B	4.298201542396116	0.7816119012155228	5.226731969566876	5.545648762844694	-18.275395942018214	-2.2299701209612874
TIGD3.H13CORE.0.PSGIB.A	0.0009468768233980299	6.684627133830783e-06	0.0005481143660825788	0.0006645382413049211	-0.003999079932701322	0.0027076201973195114
ZN273.H13CORE.0.P.C	0.0003075728040745924	7.366070124962672e-07	-3.5241554307127344e-07	-5.014649714376007e-05	0.0034588572557378242	0.016201507225501014
THAP1.H13CORE.0.P.B	0.00034069779670947486	4.1892754410388e-07	5.1599676388253544e-05	3.630883399300601e-05	0.001061530600668563	0.005685560888553261
ZKSC5.H13CORE.0.P.C	10.583971916491237	0.04926509677600189	0.6499829363678519	-2.6113601432922655	-4.590039013390241	-1.4774739035876268
ZN316.H13CORE.0.P.C	-0.0014517577957198068	1.306431667584291e-07	7.712329723265502e-05	-1.7753812593871007e-05	-0.00023563581426106977	0.0010622470879895123
ZN440.H13CORE.0.P.C	8.310667997425455e-07	1.439900152414872e-09	8.133250941752982e-07	9.224980503971376e-07	-1.1153857886052481e-05	-2.4546279704639094e-05
ZN341.H13CORE.0.P.B	4.909587767254766	-0.05381690186634136	1.2136589443802523	-2.282694598651284	-3.9154833657249912	0.4569368201774493
ZN708.H13CORE.0.P.B	-4.0855968228569295e-07	-6.437029494530155e-09	-1.2724648493804262e-07	-6.522016009454794e-07	1.3834800357362045e-06	-1.3251593188877713e-05
ZFP28.H13CORE.0.P.B	-7.283320541987355e-05	-1.4738686912575382e-07	-3.873462220160009e-05	-1.4895399201022852e-05	-6.291025781867997e-05	-0.0004846215697588277
ZNF44.H13CORE.0.P.C	-0.00011847050071343658	-2.480299693768729e-08	2.6907356881323673e-06	6.352797562728761e-06	0.00013384750535232518	6.548100417407967e-05
ZFP3.H13CORE.0.P.C	0.0013822198999199054	-5.365718193397053e-05	0.0033407992582267405	-0.010358433662935148	0.008943608912375042	-0.0045416732683882756
GCM1.H13CORE.0.S.B	5.059566266989716	-0.024054438801294552	2.570416932883131	0.7153759331500984	0.4980522271362185	-1.8852288805205082
OSR1.H13CORE.0.SM.B	4.618028897622589	0.0986318263541752	-1.0110479932148717	1.0468506554576074	-15.913337328160853	4.463204324742419
ZFAT.H13CORE.0.PSGI.A	0.02552715427818033	0.0004332565466900161	0.03607295251617078	0.03016625690945581	-0.14485540309941036	0.06702782812714421
NFKB1.H13CORE.0.PS.A	11.28090462221181	-0.05215257266918483	4.064369247953377	-7.587696278608011	12.176808223397781	-6.191443175127135
DNTTIP1.H13CORE.0.PSG.A	3.3692922210061114	0.13692738869296453	-0.8496624103456097	-2.996931047711736	6.645886327641142	-3.615500931505398
NRF1.H13CORE.0.PS.A	-0.6618543777917865	0.4717266450993426	5.230222042656564	6.41316839698508	-19.224586336881785	2.5646156504988524
ZN547.H13CORE.0.P.B	1.0851725412637294e-05	2.0794008839953916e-08	-5.196428702660623e-07	2.6501476527971363e-06	0.00015871749202732728	0.0005795239227109795
ZN394.H13CORE.0.P.C	0.001991488051416455	-3.9481122708388206e-05	-0.0012164017726193424	-0.000674790601430442	0.013596919127620066	-0.01311110696008337
ZNF726.H13CORE.0.PSGI.A	1.747663657490048e-05	5.870197704022124e-07	2.3895176291470436e-05	7.925261170545126e-06	0.00014701145706734784	0.0005457852606844502
MAFG.H13CORE.1.PSM.A	-0.062403224911550585	-0.00036913744720963604	-0.047733708991269795	-0.04124996995589763	0.2582758889253896	-0.1505943429356796
ZN75D.H13CORE.1.P.B	0.005642268971385827	9.451927783989696e-05	0.008386612544239891	0.005141970240123628	-0.006980207137169108	-0.00995965124916343
ZN613.H13CORE.0.P.C	0.00011594610558652058	3.269487209273901e-06	-3.443265607768123e-05	-7.531187587585667e-06	0.002508010929107308	0.007172531341936713
ZN791.H13CORE.0.P.C	-0.1440698333856059	-0.0008223726737801777	-0.06523142717861691	-0.02474832296201984	0.07939992295613969	0.15409150009551598
ZNF587B.H13CORE.0.SG.A	0.03485078661736543	-0.0019856444899846934	0.04925376188764597	0.06156637903637139	0.29233897254664726	-0.2908813501930195
ZN543.H13CORE.0.P.C	0.00271161699125792	-2.6745058884214364e-05	-0.0026375437612082848	-0.002784702200514381	0.016761340779783664	-0.01515057826472015
GABPA.H13CORE.0.PSM.A	-1.7742452120447456	0.4878054775466328	8.16200740782084	7.236584851781921	-13.786739389926002	-0.33785885934715437
P63.H13CORE.1.PS.A	-3.6777395538702904	-0.17110721461555958	-1.30168703090664	3.670886071600467	-2.3973043175318813	2.4849953654091412
ZNF131.H13CORE.0.PSGI.A	0.04349843664767055	0.0005372740138282667	-0.0268262558181723	0.047003653903325816	-0.2440242412157903	0.19096608405590193
ZIK1.H13CORE.0.P.C	-6.147346302787505e-05	-3.8734768035836565e-07	-1.888341397646299e-05	-1.977291364831586e-05	-0.00012709153716172224	-0.000739642587858804
ZNF28.H13CORE.0.P.C	-0.003499970671318377	-8.597758383970296e-05	0.0025299614124890727	-0.00295002063497109	0.013337724954483255	-0.00929263730624442
ZN584.H13CORE.0.P.B	0.009444602281848012	-9.802098174546761e-05	-0.005520456961573311	-0.0055104110704802785	0.010957991340801632	-0.0059403247003893475
HINFP.H13CORE.0.P.B	-0.024160189024853698	-4.5023391266551337e-05	-0.008987243481085988	0.001001585574644984	-0.0030641358853946915	0.02865833032466246
SLC2A4RG.H13CORE.0.PSG.A	7.328887206092834	0.0640847857189343	3.5758315133569956	1.7992172172109429	-3.198369586715615	-1.4249590458341268
ZN454.H13CORE.0.P.B	-0.0003543053775197788	-5.090102980203865e-07	-0.00012629874954849413	-9.605061511793107e-05	-0.0012750418116906654	-0.004112674964855332
ZNF41.H13CORE.0.P.C	-1.172194243518604e-05	8.84626833127382e-09	1.9104089131322789e-07	8.058138205171033e-07	-2.3805216767096975e-05	-0.0001605543721953849
PO3F2.H13CORE.0.P.B	0.340573165575891	-0.0004061310627866634	0.0781337133422014	-0.07354852782618158	-0.017533276009529544	-0.20077257727749878
ZNF35.H13CORE.0.P.C	0.0001356984363931794	3.9490922603825506e-07	2.6252319576584778e-05	2.3356528321999686e-05	0.00032822833684319783	0.001872588779460686
ZN454.H13CORE.1.SM.B	-0.34676754999419546	0.0029539210232259975	0.17818009681515065	0.0917090922906211	-0.25859872457229743	0.2586505186882312
ZN135.H13CORE.0.P.C	-0.17026238141559347	0.0005395743026964089	-0.10812173126235573	-0.07072282506743126	-0.3301832659063411	0.5258988752112422
ZBT14.H13CORE.0.P.C	-0.20487456601026474	0.0015832532042743517	-0.27496421433703205	-0.014264028817172557	-1.1287053345337938	1.4896352244095108
ZNF229.H13CORE.0.SG.A	-0.18071691486856864	-0.00038875833479376076	-0.10859052461930947	-0.05282184068156674	0.31058724670602345	-0.06578466057794614
YBOX1.H13CORE.0.SM.B	-0.04697123804644707	0.005235613441110644	0.42827407590642064	-0.009103662435190892	-3.3463787853124463	2.2772666841644686
ZN37A.H13CORE.0.P.B	0.05609811369171548	-0.001118360769733404	-0.10019280768839653	-0.06855045211166667	0.2399709208427877	-0.13060694914835141
ZN714.H13CORE.0.P.C	-0.0029276163677642883	-3.0327350244275646e-05	-0.00025730626599323927	-0.0009571158351619319	-0.0020300935344049835	0.006287198589045877
ZSC22.H13CORE.0.P.C	0.26273040277684734	-0.0002231990345081663	-0.005587303910063506	-0.036774675338725527	-0.2377667006399556	0.07847311831731389
ZNF732.H13CORE.0.PSG.A	0.0004912051777976414	-1.23472647472619e-06	4.565422693042448e-05	0.0005336667887864425	-0.0026576046219297413	0.002138339555329976
ZNF81.H13CORE.0.P.C	-0.0032180650049079204	0.0003954920396671041	-0.05054650883420077	0.02385142467257788	0.06509276266391659	-0.07371531127787707
MYNN.H13CORE.0.P.B	0.009253743769755747	-4.050914157229376e-05	-0.00665378939484921	-0.007557127376447282	0.03435719104831106	-0.03324068946073778
ZN776.H13CORE.0.P.C	0.016625711121567507	3.316215660799851e-05	0.006380037963199223	-0.0027862320365351742	-0.008726182249075818	-0.008307518802060864
TYY1.H13CORE.0.PSM.A	2.5350403347198642	0.27664333045692946	4.7482900754049915	3.26552232023441	-9.826737949983938	0.42906606162312044
HMBX1.H13CORE.0.PSM.A	-1.505386467553406	-0.003022816226807041	-1.1683571321121549	-0.5077063408304161	2.0321112783731516	0.16578994053496438
HMGA1.H13CORE.0.P.B	-0.7941952915284436	-0.010572099628537822	-1.52147790165745	-0.43497797377691066	-1.2318179334697938	2.097141305574433
PAX7.H13CORE.2.PM.A	-1.4180956845121213	-0.0033529570501918643	-0.820586858006074	-0.629246462575073	1.9176450032364631	0.14785918832054368
ZFP91.H13CORE.0.SGI.A	0.0007481374618894293	1.7660004278407544e-06	0.0008189861377224852	0.0006178048550018561	-0.005512258546343857	0.003722138763767
ZNF77.H13CORE.0.P.C	4.864090513107495e-06	-3.9259023409047515e-09	4.311062805772536e-07	1.1697624881068226e-06	7.693900073757058e-06	2.35026591272411e-05
ZN749.H13CORE.1.P.C	1.2301499538638232	-0.5126827081696834	-3.1700871661446897	-0.7576371360610367	-1.4120045262267593	2.9437573176922998
ZN766.H13CORE.1.P.B	0.057466795863053234	7.515030753126221e-05	0.05869060669328625	0.025801490776096603	-0.15981814616445783	0.07901870190522882
SALL3.H13CORE.0.PSG.A	-0.0006159054805595946	1.8919263921747808e-05	0.0015011856431796974	0.0016685460813549418	-0.005923457999059836	0.004402958603286351
ZN211.H13CORE.0.P.B	5.178303416534487	0.20012340531323156	6.061407006270085	1.1971304002916305	-11.506664583696192	1.2184822365378245
FOSB.H13CORE.1.M.C	2.221442226104635	0.04318317711834822	0.7571939078641847	0.11398478753505197	-2.9943157264190057	0.11255558984187852
ZNF30.H13CORE.0.P.C	8.786109769122558e-05	2.2586354046029993e-07	2.2800091519529353e-05	1.3900730342901874e-05	0.00038433387373509393	0.002113643143980739
ZN250.H13CORE.0.P.C	0.017884225938046297	7.909349150592966e-05	0.004079494310235034	0.004929725157238132	-0.030937740471819936	0.0062959407075288175
ZSCAN12.H13CORE.0.P.B	7.377744035778242e-05	4.3762123872978465e-07	3.185879753118156e-05	4.350336866697018e-05	0.00042083859009690264	0.0019512173921600923
ZNF700.H13CORE.0.PSG.A	-3.2312284110353384	0.11792558208057169	-2.9280164669961506	-2.292988472404988	-4.937067312001663	2.183129319787276
ZFP41.H13CORE.0.SM.B	0.000253190798576333	-5.4780169906207505e-06	-0.00041285085105407284	0.0006148911402246525	-0.0013624815891575403	0.0014302317513930187
ZNF208.H13CORE.0.SGI.A	-0.05374349853698541	-0.00045806147537702486	-0.005212124524844813	-0.005374452601804775	-0.040578772665858374	0.11151470054894472
ZN821.H13CORE.0.SM.B	2.2001964383872075	-0.0117444540207182	-0.6227131074973734	0.18770507495246497	-3.2378636842196777	1.2896003590044973
ZN134.H13CORE.0.P.C	-0.012488233747024248	-0.00019181589420009528	-0.005690373629805746	-0.003826461424426381	0.014877121175555513	0.012603034685438951
NPAS2.H13CORE.1.M.C	1.3303006946661824	0.16755432811551912	1.2190208094310833	5.31437427513711	-12.65968352391089	2.908553840193591
MYPOP.H13CORE.0.PSGB.A	-3.224917480485244	0.2812967815415001	0.08655193092331184	-0.8109375835049629	8.3325300159063	-3.481357925506021
ZN250.H13CORE.1.M.C	0.18171440455343368	-0.10555053636264863	-0.6939378094773964	3.0997859696519083	-1.28832757119177	0.7867581616936972
HSF5.H13CORE.1.S.C	0.02270766104573806	0.0002094947587144469	0.016464124849919264	0.007524227076637628	-0.023946972380849273	-0.016670665874807315
ZN362.H13CORE.0.P.C	-0.5336989042963259	0.01889033194430156	0.5363449676860569	0.9522078491141412	-12.77825678834392	5.07340791210735
NKX61.H13CORE.1.P.B	-2.9750186727651635	0.06767320407294435	-3.346211842186964	-1.055287029465055	2.607946070389961	0.05246047924848479
ZNF507.H13CORE.0.I.B	-0.364615362282195	0.08221729885114021	0.9812755365973423	9.902468660875115	-8.166869644976053	0.9222219286886709
ZN577.H13CORE.0.P.B	-0.0014756671873437524	1.828818345787197e-06	-0.0001735532771604512	0.0001986812285838858	0.00018865787028458556	0.0007219803880763557
PRDM6.H13CORE.0.P.B	5.163795800023635	0.4065009428263579	4.784928682323714	-0.5752226174312048	-2.592207390675754	-3.0444774122007208
GTF2IRD2.H13CORE.0.PS.A	0.903000995371446	0.06089645735609136	1.8186716188516523	-2.189059584483501	5.053007985655326	-2.5491307370777805
JRK.H13CORE.0.PSGB.A	1.632469448891645e-05	8.105709988724214e-08	1.2655408485729178e-05	2.364469278414482e-05	1.0629552243363023e-05	0.00016634945088589962
ZN860.H13CORE.0.P.C	0.08766833814490269	-0.0001458097214719333	0.031306830758442004	0.007571321446318068	-0.026807161055293637	-0.06149921638934525
ZN707.H13CORE.0.P.B	9.000404827042681e-05	1.0856744427099472e-07	1.4117875716382944e-05	2.363752841737845e-05	0.0003210077596394379	0.001595933607648331
ZBT20.H13CORE.0.SM.B	0.10342656668907148	0.0005414509809431799	0.01866138947027914	-0.004927438498822801	-0.14350358564610177	0.04342265764486032
GRHL2.H13CORE.0.P.B	-0.023748973829192336	-0.004778361851494136	-0.4936054441267648	-0.5400376732689091	1.8573284142841486	-1.0858257442504142
IRF4.H13CORE.1.S.B	-0.1153744572822977	-0.041454187559181926	-1.9807080680678923	-1.360080933922123	3.0257592843524996	-0.32616845221746044
ZN254.H13CORE.0.P.C	2.4687496404772323e-17	1.0335934789314496e-19	1.0776964924293722e-17	1.4840010050733354e-17	-2.7597535241153458e-17	1.3620198034449532e-18
PAX7.H13CORE.0.P.B	-3.5499957158378845	-0.03914907200654983	-3.282339831787362	-2.8584182689777555	2.6221290307006164	0.9338916716892773
PROX1.H13CORE.0.SM.B	0.3113765620848812	0.0008634917611654405	0.07058213515175656	0.015892530931704032	-0.20087597355244205	-0.11599061879967468
Z585B.H13CORE.0.P.C	0.00015827571371071218	1.4810628642694095e-06	0.000589202716544893	0.00020334695046540988	-0.004075214265451253	0.003489442102439206
MYRFL.H13CORE.0.P.C	0.003429420894813278	-2.551132782195361e-06	-0.0008856316100091074	-0.0018837156880734196	0.011171823010363513	-0.012782159134185732
ZN667.H13CORE.0.P.C	-0.000176588838107009	-1.2196618998744816e-06	-3.4300458262732266e-05	3.492593644701456e-06	-0.00015297374490445728	-0.0007616665518136319
ZN480.H13CORE.0.P.C	3.6530781779810676e-06	9.461807595735254e-09	9.851514840837018e-07	3.6680799892945283e-07	7.181845497264194e-07	1.1750312984283882e-05
ZN320.H13CORE.1.P.B	4.323174637210245	-0.45866224496524105	0.4595486932805558	2.825054628331877	0.031093287843163803	0.9392999241552871
MYBB.H13CORE.1.S.B	2.5388213252328944	0.5245290465190067	7.414040034451929	7.637058630297644	-16.017378237212025	0.20059916252575902
ZN682.H13CORE.0.P.B	-2.4120874643508593e-05	-5.756814932555912e-07	-4.72798380680777e-05	-4.707402148264787e-05	-0.00035882988510979765	-0.000538732520392355
ZN669.H13CORE.0.P.B	-2.45630439438663e-06	5.086419521579635e-09	-6.869080001558024e-08	-8.197946958683537e-08	-1.2754950015356693e-05	-5.5576350318237124e-05
ZNF76.H13CORE.1.SM.B	-0.027118672544423586	0.00039262270192524636	0.04734375171025034	0.049855648357993984	-0.060920265223440885	0.0083244333338931
HAND1.H13CORE.0.P.B	0.002194203020127443	-3.726284282644917e-05	-9.942577936426566e-05	-0.0013715925837470616	0.01650764661274455	-0.016747008634322772
ZN335.H13CORE.0.P.B	-7.994151084094998e-05	5.498728629965483e-06	0.0008251637054266201	0.0006454498941695355	-0.0010685020117750072	1.923982096844904e-05
ZN248.H13CORE.0.P.B	0.009700935384053606	7.874411045222288e-06	0.0003907044880029772	0.0019485394996946355	-0.012549647611995748	0.0033965192116037213
ZN483.H13CORE.0.P.C	0.030189013415069604	0.0001463496263230298	0.020652747069926366	0.025590604240562625	-0.005606949903241356	-0.05429511704511085
MBNL2.H13CORE.0.B.B	5.180758925746995	0.4182140395571326	3.379657994481722	6.033804059443385	-1.34079117898423	-4.713179971203601
GLI2.H13CORE.0.PSM.A	0.09108199341216999	0.0008084823960646895	0.054680667638339106	0.07012374971921158	-0.030332255219419738	-0.1651814813839507
CR3L4.H13CORE.1.S.C	-5.977459792200341	0.0008112752015487036	1.332959650075782	3.7969248156925812	-5.17635096773843	2.8231178297556894
ZFX.H13CORE.0.P.B	-3.9574483183649605	-0.2881422191036893	-1.765733277589715	0.32940313101843877	-6.498971256919065	4.591407828817118
ZN605.H13CORE.0.P.C	0.00023680404322295206	2.5327484814103806e-06	0.00022459846920183137	0.000213354285127202	-0.0008343482619703527	0.00019434815901832802
HSFY1.H13CORE.1.S.B	-0.001175715119263882	-3.037695891329465e-07	0.0005192421845705346	-0.0006380383874030705	-0.0002649422652058017	0.0012520256436164034
ZN410.H13CORE.0.SM.B	-0.0002396358974715066	3.727159886865765e-05	0.0034913236921288483	0.003290948670072467	0.0006121860904119602	-0.006174168337057218
ZN329.H13CORE.1.P.C	-0.0006413018428846969	-4.642833422482821e-05	-0.00015023715365779344	-0.005409412502245973	-0.04436552729562532	0.048185280287509735
TFE2.H13CORE.0.PS.A	3.5649336853876332	-1.332442953850793	-3.265530486233631	-6.277519791619497	9.055104686954422	7.7323734666513255
PO2F2.H13CORE.0.PSM.A	4.757990963889963	0.05138610943279436	4.082587705576843	2.7226184032555723	-0.30362179118154675	-1.7892421561115512
TIGD5.H13CORE.0.SGI.A	-0.0037059884019216742	-2.2380831935253833e-05	-0.005060933249904916	-0.004713326111147096	0.02722265403285485	-0.01732475070317035
ZNF878.H13CORE.0.PS.A	-0.0024649514399459264	-2.5887094235604515e-06	0.0007385683975139329	0.0005582466098879074	0.00034034352479830996	0.0009209097497543888
ZBT37.H13CORE.0.M.C	-1.9165314279845052	-0.10788092938422454	-2.515422127653995	-3.7612677078107914	0.12129400937416918	2.095312953467881
ZN623.H13CORE.0.P.C	-0.0003418211582593854	-1.747239807557138e-06	8.213411788910514e-05	-0.00012678403335859492	-0.0007981616623885709	0.00027069771764125277
ZN100.H13CORE.0.P.B	-0.01226063475650141	1.2880884474153618e-05	0.0010737211414607994	-0.0009434693325186086	0.016101352586530396	-0.007312172630642597
ZNF335.H13CORE.0.PSG.A	3.453199480578221	-0.10938534335770139	0.5407998257120648	-1.4578398824695857	-9.388093012431856	3.2542472901181596
ZN337.H13CORE.0.P.C	2.629553303297755e-06	1.4940341040567488e-08	1.1833536948313191e-06	9.917223587050234e-07	2.9282949250082942e-06	2.909745731471989e-05
ZNF107.H13CORE.0.PSGI.A	0.000254551078254299	7.956178362439104e-07	6.769854884749721e-05	3.9199960080260886e-05	0.0008732438067798375	0.004772251695659346
ZN213.H13CORE.0.P.C	0.02054011140365916	-0.00017816721221287988	-0.048119509350330075	-0.008808403873160972	0.11802209564620805	-0.09030070592785383
ZNF16.H13CORE.0.P.C	0.0005363113926502768	3.8222789908054934e-07	0.0002047664293967869	-3.4031351502512637e-06	-0.0008884527176051126	0.00046870346728915697
ZN875.H13CORE.0.P.C	-0.00022266239405051963	9.822846564957438e-08	4.245861859093769e-06	2.1872672292011026e-05	-0.0006838160405972866	-0.003708756106689201
ZN430.H13CORE.0.P.C	-6.8651837860086165	-0.028417956850194423	-2.429301826972974	-2.9775859104947693	8.331481405862206	-0.38834448678964795
CPXCR1.H13CORE.0.P.C	0.10884004350722665	-0.007230129712362974	0.0745409063256203	0.026765859249627662	4.658571450004171	-4.056381886545223
ZNF850.H13CORE.0.PSG.A	-0.029905094313976872	-5.7517149627336236e-05	-0.004660580670251804	0.0037981665535462184	-0.02960400210074716	0.06126817391273712
ZXDC.H13CORE.0.PI.A	0.26918585445849097	0.00030266431958583345	0.14154764575895942	0.18440729159487465	-0.6224606922994538	0.21043585487353675
NACC2.H13CORE.0.PSGIB.A	-1.1114684565919473	0.29193581890797254	0.5629107174453625	-1.1207899216692943	13.3010335952879	-6.832376714079795
ZNF226.H13CORE.0.PSGI.A	-5.820956534367227e-05	-2.992310370046544e-07	-1.9382327936398897e-05	-8.02849582853259e-06	-0.0003779206938150701	-0.0017127188521696794
ZN766.H13CORE.0.P.B	7.161502476601744e-06	-5.0997071936383484e-08	-7.718323140503716e-06	-1.33590822401294e-05	-0.00017196740964968093	-0.0005225351753791931
BARX1.H13CORE.0.P.C	6.142566288654209	0.5362296417732182	8.94710554874751	3.695675483788003	-5.804177896782783	-3.856185955242118
ZN382.H13CORE.0.P.B	1.5250448158567664e-07	2.622155695411023e-09	3.65283262280492e-07	-2.2574639848801976e-07	-6.1791343086937515e-06	-1.836158715928712e-05
ZN180.H13CORE.0.P.C	-0.0001801868346086183	-9.930484154477321e-07	-5.04806779526098e-05	-5.714335496184516e-05	-0.000456403931776722	-0.0025237653046846936
SPI1.H13CORE.0.P.B	2.40928495863665	-0.2671864254854318	-7.652973624827048	-5.264896266761388	-7.447741824728318	5.260488915088163
ZNF827.H13CORE.0.SG.A	1.5442855311964818	0.043852359941556784	0.09605983689800729	-1.6937918996130445	4.364008424490417	-2.2494167704446606
GMEB1.H13CORE.2.SM.B	0.006677267928673332	0.00013992750526220705	-0.0016293264790142085	-0.0023820605090710363	0.04672678556604884	-0.05496370800925949
ZSC31.H13CORE.0.P.C	-0.05847905913473979	-0.0004339526215405932	-0.01337732211835683	-0.005534193123582058	-0.06743923589934261	0.14488838650287256
IRX3.H13CORE.0.M.C	0.0298293572615114	0.00025976980161977677	0.02159180883513031	0.00535268574058777	-0.02013752054563578	-0.020622572421865555
ZNF20.H13CORE.0.PSG.A	-0.003626521876689376	0.00019768193536488397	-0.014743452049747408	-0.16267148024048922	-0.14060381897969063	0.22470617318349045
E2F4.H13CORE.2.S.B	-0.022138415725993635	0.00020530775085422244	0.005865096380864242	0.006473213665257432	-0.05636477459834381	0.058080661717370315
ZN416.H13CORE.0.P.C	0.0015209414066901792	4.4610772011062655e-06	-1.2874622486272725e-05	7.961997620581797e-06	-0.000720196562473094	-0.0008914667175208016
MYOG.H13CORE.0.PSM.A	-0.02326637207745706	-0.00018814614423143158	-0.03376626946971877	-0.05302840841495348	0.043497705785058384	0.024384436147540114
ZN433.H13CORE.0.P.C	-3.3425241154764633e-06	1.80150195345066e-10	3.2452450193876616e-07	1.6423440592215288e-07	-1.1069610632527968e-05	-5.156619367012591e-05
ZN317.H13CORE.1.P.B	-0.0002319866273202884	-5.776129779794402e-07	-5.4640587111734106e-05	-3.5165629963402704e-05	0.00014088093220350936	-0.00010661759853570677
ZNF85.H13CORE.0.P.B	-0.6198763119746593	-0.29179920011951294	-3.140183198402145	1.5543695148521401	-2.535339306881184	3.155666594986078
GFI1B.H13CORE.0.PSM.A	-0.0017229627580726398	0.00030762187792850106	0.016093212541223596	0.005736281405336488	0.020966199077241534	-0.040811477870383535
RUNX1.H13CORE.0.P.B	-1.638368554066236	-0.07198671365834161	-4.8479111182116785	-0.5918701911968163	2.3201758696934904	0.5821995106543779
PAX8.H13CORE.0.PSM.A	0.00025536645073874806	5.430381954593478e-07	0.00010560614356970419	6.985758113001682e-05	0.0005871155484954549	0.0031183596195548517
GRHL1.H13CORE.0.PSM.A	0.00031220662060299584	-8.549310344617013e-07	-0.0002609684239916897	-0.0003068761283950277	0.0003274632241641455	-0.00021894438131929444
HNF4A.H13CORE.0.PSM.A	-24.810892399830365	-0.13250112616664153	-11.248748650899607	-7.466712113246923	16.24568973979329	3.5572929866468144
ZIC1.H13CORE.1.M.B	-0.026645861628763902	-0.001008774310184631	-0.04639358593084021	0.004309252204276585	-0.22009334905651726	0.2930282476023206
ZKSC1.H13CORE.0.P.B	-0.04399464733722366	-0.00021553151179038157	-0.0331530834281743	0.019142534073576377	-0.03066567204387895	0.08597931337381332
ZNF497.H13CORE.0.SG.A	-0.0006584563800133709	-4.5429331710630744e-07	-0.0002589129951014122	-0.0001612946061917281	-0.001991395388523144	-0.0045843758261365315
MYCN.H13CORE.1.M.C	-1.7709299282390347	0.43170405730157985	5.772305262377608	6.228652276034029	-12.682357278435248	1.6855451163110107
ZN627.H13CORE.0.P.C	2.8495997726534146e-06	7.363279341131799e-09	8.637088766264175e-07	7.439886655768802e-07	7.3230622654539775e-06	4.174985776508488e-05
ZN560.H13CORE.0.P.C	-0.4950689561618667	0.10736694313547368	2.0316668273944223	0.8995527066703637	-16.240809048048327	4.829801189677595
LHX8.H13CORE.1.M.C	0.5756692291308569	-0.0015677931721160652	-0.034384490758767705	0.07162713416757586	-0.009139687638307782	-0.31342625006045133
ZNF286B.H13CORE.0.PSG.A	-0.11121579324807052	-0.0006181938450674749	-0.055784376144444765	-0.027219084635692836	0.09117665215385287	0.07188867311587553
ZN570.H13CORE.0.P.C	0.007025711189912001	7.929957694564536e-07	-0.0036847421320080984	3.8749216195336e-05	0.019082694021948808	-0.02260760295330105
NKX23.H13CORE.0.SM.B	0.02936071885225554	0.0022833158932866857	0.4810841377919888	0.32675931416854387	-1.3789313863907624	0.8181432515136626
SP100.H13CORE.0.PSGI.A	-3.4018901906475385	0.07159122696843473	-2.5349945382079437	-1.8132660485491918	-3.6166784364084945	2.8958841894932292
ZN490.H13CORE.0.P.C	0.013014971622194761	2.005121425945598e-06	0.0029885056763730975	-0.0006451291123246312	0.03632426230489574	-0.047638964837069746
FAM200B.H13CORE.0.PSGIB.A	0.009765609183913972	0.0014154565002023674	0.07499549183808253	0.046813416214763245	-0.022082952172337505	-0.13524971581292916
ZFP90.H13CORE.0.P.C	-6.0704875508735805	-0.21638437905778082	-6.307026616683726	-5.982471252819056	1.5796299185740723	3.8173024734516763
ALX1.H13CORE.0.SM.B	-0.0004258642735062275	-4.676300015649674e-07	-7.006673424224749e-05	-6.713349178105702e-05	-0.001318045693353106	-0.006859373973801155
ZN563.H13CORE.0.P.C	-1.0775442213868339e-06	1.9195486163561403e-07	4.419982867344107e-06	3.1277719474280345e-06	0.00016606665421092174	0.0005138512582633015
CEBPG.H13CORE.0.P.B	-10.529236702174476	-0.22189705131673673	-5.2377642685508485	-2.874212178186557	15.871349487298327	-1.03662501450095
ZN701.H13CORE.0.P.B	-0.0031810545555169744	-8.669456745808004e-06	-0.0024300414098496047	-0.0011096109803881865	0.006700218822838413	-0.0018237970550446761
ZN281.H13CORE.1.SM.B	-0.0002791626848077629	-7.701125848392255e-07	-0.000153348527230954	-7.687751279380094e-05	-0.0010445050171428668	-0.0051966104198297395
MEIS2.H13CORE.0.P.C	-0.9393995003750746	0.004941317721203514	-0.19921190611389625	-0.21324877351078214	2.1666929888654405	-1.118091176323298
ZN524.H13CORE.0.S.B	-0.002015004526876734	-7.859576329725126e-07	-0.00020356803152056274	6.091083210079764e-05	0.001771951814837809	-0.00030398880153338815
MYT1.H13CORE.0.SG.A	-0.00559491051708415	1.3528198106438418e-05	0.0006046400777237079	0.0005658506186584732	0.006467590309239678	-0.0029102257971913258
PRDM1.H13CORE.0.S.B	4.447470183718458	-0.42608958961865895	-7.171503896237567	-7.862113913431051	-1.8144903214234744	3.892343147248808
SP140.H13CORE.0.PSGIB.A	0.09235480142398107	0.46032091065478675	6.504179068581498	8.427667589487598	-6.543429787001559	-1.999004943135545
GATA1.H13CORE.1.PSM.A	-9.50927680586707	0.12114421123741055	-5.844120703373934	-4.753887052555919	24.814077810238256	-6.644704026522017
SOX10.H13CORE.1.PSM.A	0.927844316499554	0.07789922016726997	2.635888653856706	-0.6130008220734139	-6.095260319872165	1.6454540511795748
ZN778.H13CORE.1.P.B	-5.567281167032675e-06	-1.073550658970242e-09	2.978520494121626e-07	5.19012907392996e-07	-5.753098364878835e-05	-0.00011668387772942592
ZNF551.H13CORE.0.PSG.A	7.115210518291248e-06	8.70198859025199e-09	8.806947855935858e-07	1.1622687025221353e-06	2.2980629362384833e-05	0.00010118766991268048
STAT6.H13CORE.0.P.B	3.289301674089904	-0.15405036278425202	-2.004164914193801	2.002951607667686	-1.337147353284525	0.7976331468223072
ZN480.H13CORE.1.P.C	5.577667971998317	-0.8702356420180959	-1.5763834161290646	-4.912230485782005	16.015359781632657	-0.49347922312679654
ZN317.H13CORE.0.P.B	-0.003415762105436307	7.778895907425778e-05	0.00965986165811712	0.006539339678820831	0.011537256284490193	-0.02247211681258137
ZN296.H13CORE.0.S.C	-5.767951523208899	-0.2157678062272909	-2.841885556511048	-0.9807728188749332	3.1268360284690764	1.6486364939904061
ZN418.H13CORE.0.P.B	0.007815313639361632	4.7507142819628415e-05	-0.0027757655017027183	0.005312154650576078	-0.011461435874443227	0.0006731819745960068
ZSC21.H13CORE.0.P.C	-2.3361199124327943	-0.4631067034162954	-3.6009503695390364	0.7924898596964953	-6.735217069761696	5.888219189232237
ZN121.H13CORE.0.P.B	1.6291691557840886	0.061714866760713916	4.0890720444734665	6.587028536071702	-9.37029994131158	1.7160661292832613
TIGD4.H13CORE.0.PSGI.A	-0.004015017456067556	-5.193299856611623e-06	-0.00033641787574219555	0.0005922667608982365	0.0008854749474830921	0.002362520906341581
IRF9.H13CORE.0.PSM.A	-2.0594093797067186	-0.7765609252564994	-20.30304340330605	-9.086609453494882	12.667231495481525	3.138880395323522
Z354A.H13CORE.0.P.B	1.7687495435239995e-05	-6.328747845138898e-08	-1.2331118089596132e-05	-1.523141820834991e-05	-3.1275112953075286e-05	8.678645266307933e-06
DMRT1.H13CORE.0.PS.A	-0.0030379027921961068	-2.9583749251817718e-05	0.007483439117399539	-0.002050146250514656	0.05135615390313968	-0.05242483827272421
ZN790.H13CORE.0.P.C	-1.5787625964043067e-05	-1.8589158503850322e-08	-1.8258137568317922e-06	-1.0241070337515233e-06	-5.5026446941132776e-05	-0.0002664669776293259
ZNF41.H13CORE.1.P.C	0.0728099975774636	0.0002582302520882153	0.02444662640462068	0.01099274674591723	0.03947263713304096	-0.13565303404016724
AHR.H13CORE.0.P.B	-3.365169586794897e-15	7.887577844336351e-17	-1.6585215261910278e-15	5.425191334811507e-15	-4.7609232172880696e-14	4.9421227622713e-14
ZN692.H13CORE.0.P.C	0.49563256899218106	-0.13201355797748154	-1.3593120241167804	-3.4721004591314832	0.16952166787144268	0.9709619253641308
NR2E1.H13CORE.0.SM.B	0.5847624909528966	-0.0441616443249822	-1.576127830421195	-3.3600371030713894	-7.699836608155832	4.091518937586266
ZN713.H13CORE.0.SM.B	1.0036666841134806e-05	1.0710065687944495e-06	-7.5962086213214414e-06	-0.00012641856772413552	-0.0006999114384361846	-0.007948489088282589
STF1.H13CORE.0.PSM.A	-3.1141813611150875	-0.31004173316451117	-9.505351908801817	-0.78127450935674	-3.5205547626805522	4.945482819320168
ZNF728.H13CORE.0.PSG.A	0.0004265276003287497	5.16074871109394e-07	7.552588337182069e-05	8.645822176897722e-05	0.0015564039872778181	0.006943698306811235
ZN566.H13CORE.0.P.C	0.0008553300027019732	-2.4582391223273153e-07	0.00017133522476561096	-8.994821537049042e-05	0.000960319269266167	0.008995569517045188
ZN184.H13CORE.0.P.B	-0.0008753775667316711	-1.062513228131571e-06	-0.00043991550674537784	0.000115371585195473	0.003683863916154623	-0.00295214801299697
ZBT16.H13CORE.0.P.B	5.025652007484627	0.001019602272416118	2.3965405281756564	3.0372171137493518	-0.597244933933816	-1.5273850534411357
ZNF275.H13CORE.0.SG.A	-0.002907142308202689	-1.4158094821187158e-05	0.002024082430659906	-0.0002359853930605809	-0.0037262409754974268	0.007456211982395153
ZN222.H13CORE.0.P.C	2.8045229863290664	-0.06842370774994581	1.7424781888676373	1.4000968008895063	-9.199661908521499	3.5036611313908668
ZNF43.H13CORE.0.PSGI.A	0.14477636533763572	0.0005442765383627452	0.061214874705917535	0.05644782906515219	-0.20886435617776458	0.013968502673841397
ZN677.H13CORE.0.P.C	1.4056247093886878e-05	4.068523569164816e-06	-0.00023674206442842165	0.00011369839841924913	0.0009845188407220607	-0.0013976751048983323
ZN621.H13CORE.0.P.C	-0.0009984289768686992	-9.741602933992284e-06	-0.0002559345406961452	-0.0001957646071958193	-0.00048746883465453013	0.0020544930428480577
PIT1.H13CORE.0.SM.B	0.11494189176805603	-0.00013522551771689528	-0.18473541941874203	-0.015286270583247413	-0.6115939682703166	0.6568050154862075
ZN626.H13CORE.0.P.C	-0.00016431492744075604	-1.7585171046775794e-07	7.888063503647658e-07	-1.7265894375357582e-05	-0.0003336777135315033	-0.0023721543641218594
ZN610.H13CORE.0.P.B	6.947263471633493	0.058523929510488314	2.5032669163495536	-2.0130289844382263	0.6926354932508703	-2.29946841129084
ZN429.H13CORE.0.P.C	-1.3167165857229973e-05	-8.794396090655236e-08	-1.5453472395579034e-05	-1.1184589401094757e-05	8.919944831674412e-05	-8.979917528222615e-05
ZN436.H13CORE.0.P.C	3.543937170352691	-0.38184382715608534	-6.275562018076853	-9.859116564919344	4.342681364561028	1.7112611412476046
ZBTB8A.H13CORE.0.PSGI.A	1.9684680562511348e-05	-3.4076139783944783e-08	2.9630563114641928e-06	-1.1441731791340393e-05	-0.0002263283563057388	-0.0010352413613373907
ZNF35.H13CORE.1.P.C	-3.709779411901992	0.23621735909893746	4.399299392471383	1.466095117382046	5.80020443425057	-3.3587972235429855
GLIS3.H13CORE.1.S.C	3.9771071616097453	-0.06882428851057278	10.173372256395673	7.299167486833693	-3.856133725452054	-1.3245395201652415
ZNF705EP.H13CORE.0.P.B	1.1302023492968465e-15	-1.8775671005197787e-17	4.556775333993648e-15	-1.295018685430637e-14	-8.679415709546134e-15	1.1046568420882182e-14
ZN441.H13CORE.0.P.C	-1.1671965386546423	0.15443613328124423	5.570320241104115	7.239924599228362	-6.395686899083537	0.33759708754167944
PURB.H13CORE.0.B.B	-4.451638053207553	-0.46197663687298857	-3.770621348199117	0.809151089395749	-3.2289259008295335	4.5333490270259995
ZN582.H13CORE.0.P.C	-0.09018155313462425	-0.0005970946085979874	0.11973277896973884	0.14646387871629313	-0.21266518238497392	0.11304883622154802
HMX1.H13CORE.0.SM.B	-0.10922598159866832	0.04553265611286909	-1.870935196468393	-7.067408120985412	13.70355843353277	-4.163488873071932
FIZ1.H13CORE.0.PSGI.A	0.00210698903383519	-4.490832589363261e-05	0.0005328433322361425	-0.0022231775022055343	-0.009051111275956713	0.011361914256930125
NPAS4.H13CORE.0.P.B	4.695956278157847	0.10686034922105438	5.44774779684742	2.0991696883439173	-5.11413062795556	-0.5896297999509477
ZN793.H13CORE.0.P.B	-0.00012367565463278416	4.1178565588987485e-09	3.373313617462885e-06	-4.710722536943426e-06	-0.00040555865073139193	-0.002178050097996539
ZNF773.H13CORE.0.PG.A	-6.75284803063098e-05	-2.0939564214163853e-06	-0.00011198310392273685	-5.1724687482898485e-05	-0.0004255071045165581	-0.0013506358950653862
NFIC.H13CORE.1.PSM.A	27.090161572614544	-6.920011369265705	4.625322980774023	4.013543799755283	110.2479580114963	191.61722076443635
ZBTB6.H13CORE.0.P.B	0.23869832425264298	-0.0012978094554091132	-0.06970596700571335	0.0821783945730527	-0.1035535899849032	-0.03534580654545898
ZNF90.H13CORE.0.P.C	0.07252372220229121	8.815107131243464e-07	-0.02253498755861993	0.01584178725208558	-0.010697320688391559	-0.03239547934118681
ZNF775.H13CORE.0.PSG.A	3.4017055965871505	0.02241501342138768	1.429852273122082	1.6220046163148172	-5.279036412622614	0.33819147267321575
ZNF888.H13CORE.0.P.B	15.654897537340664	-0.0916231091877551	8.982425426527689	-2.63163389348048	1.10450769745748	-4.66315566849924
PO3F2.H13CORE.2.SM.B	0.7639588609489572	0.00518028843696027	-0.5452676090196306	4.905772030257005	-4.452236538227729	1.0707232552408825
ZN574.H13CORE.0.P.B	-1.613346398294081	0.04989166129539193	3.0340908642558193	3.1733422631063957	-7.140302941027504	2.214639436023089
ZNF79.H13CORE.0.P.C	0.000110764249193696	8.403528133942435e-07	2.2889391445669353e-05	6.460032409157103e-05	0.0008591290777297282	0.004403433640703213
SCRT1.H13CORE.0.PSM.A	4.6244788448941145	-0.20704739682392512	5.958253335088739	-2.505519328331723	-0.869522763468806	0.555921404705583
KLF16.H13CORE.0.SM.B	-10.964553900756318	-0.29776962727572326	-3.6107889878858987	0.2697022614227373	13.02340650431548	-0.34247137119658927
ZN549.H13CORE.0.P.B	-1.5244359583353504e-05	-2.1066506613715202e-06	1.1192579971818686e-05	-0.0005079997691608167	0.0012775022491813195	-0.000499625674900495
DPF1.H13CORE.0.SM.B	0.16898426771098563	0.0018500958321362635	0.13533005124825692	0.09591519450236798	-0.3141280671165781	-0.038478380859243315
ZN554.H13CORE.0.P.C	-0.00012135994248600129	-3.281886335484554e-07	-3.9413322271246395e-05	-2.704556556216646e-05	-0.0003385509274505473	-0.0021051332028541136
ZN384.H13CORE.0.PSM.A	0.005574787563665065	0.00016591700013506093	0.01110264437635811	0.009024475435287685	-0.009371591145182477	-0.012514075561063084
ZN441.H13CORE.1.P.C	-2.9157531450711924	0.017693154472185554	0.6218297213168598	-0.04246538699213084	6.549094043763382	-2.3306105504109222
ZN100.H13CORE.1.P.B	0.7226682332277945	0.3082807455243516	1.4031487177177375	1.3350904415706237	7.129272969907583	-5.13189667378605
ZNF292.H13CORE.0.PSG.A	0.0007463176435017233	-4.440277594503566e-06	-0.00019192141002598003	-0.0001883108889532561	0.0013327987940808788	-0.001975749721764678
ZN615.H13CORE.0.P.C	-0.0013817567327725504	-1.719240348374015e-06	-0.000282109163559208	-0.0003597079343858402	-0.007044924640455298	-0.02227067192583233
ZN595.H13CORE.0.P.C	-8.473989707619968e-06	-2.49802116831035e-08	-2.0214329120990272e-06	-1.0460775588674322e-06	-1.0085144568183551e-05	-0.00011090242730757665
ITF2.H13CORE.0.S.B	-0.03982125306897213	-0.0005134233367994222	-0.016244829599439795	-0.04841575907689542	-0.001019708355619039	0.08296510516031579
VDR.H13CORE.0.PS.A	-0.023086647008336875	-0.0002766131030751693	9.371199641176565e-05	0.008562433733045268	-0.029201536093653488	0.04468049703534296
ZN787.H13CORE.0.M.C	7.928935468466572	-0.23343939179186637	2.245323622981781	0.774304052069553	1.7125886991383492	-1.4255435751161118
PO2F2.H13CORE.1.M.C	0.012819905244956367	-0.0026593208550600633	-0.06512593325123783	-0.012132811231940311	0.11192957661990524	0.10735517932294263
ZFP1.H13CORE.0.PSM.A	-2.3633182685077396e-06	-9.57374654173386e-09	-6.963198099072489e-08	-6.488903403138195e-07	-2.313632202292613e-05	-8.742926904519706e-05
HSF1.H13CORE.2.P.B	-0.1366937248687337	-9.099539224225966e-05	-0.01334217707183705	0.004626975414355707	-0.04410115973601799	0.16057084446438016
MSANTD4.H13CORE.0.SGIB.A	0.04327781584139204	0.0004497952668860664	0.013724412661017262	0.021551076799471814	-0.20425073066227944	0.1348311867533648
MYB.H13CORE.0.P.B	-1.9218919736869209	0.0080930502504035	1.835296286192288	0.2946715219024697	-1.8703939553151887	1.2308420483960796
ZN266.H13CORE.0.P.B	-0.0006424638919379269	-1.967500184964991e-06	-0.0002261799965570351	-6.695524539065492e-05	-0.003138107448677272	-0.012686100540858858
ZN197.H13CORE.0.P.C	-2.4235365760180804e-05	-1.2434318006701175e-07	-7.357761005168471e-07	-8.969714492124919e-06	-2.3136578584068097e-05	-0.0001476951750924161
ZNF500.H13CORE.0.PSGI.A	-0.0017565251116180884	1.8182744721226713e-05	0.0009536803139110211	0.0025348446284420203	-0.007424306324034434	0.005829544712260718
GLIS1.H13CORE.1.P.B	8.432742195970087	-0.7062056240304811	3.259220642845524	2.4927067667131477	-2.763460583223429	3.2064620379647435
ZNF233.H13CORE.0.PG.A	0.007924174884490945	-5.1360157026744095e-05	-0.004304283402977867	0.0013355943797955284	-0.01092898866983671	0.011013532725505013
TERF1.H13CORE.0.PSGB.A	-6.920324970522515	-0.5244378871958499	-6.461187464702718	-5.318936105663894	3.5636403798975946	4.207129951253355
KAISO.H13CORE.0.P.B	-0.674976214335255	0.3198755655432928	3.9712354142203994	7.139089431792963	-4.882881027129597	-1.0855754353927944
ZNF516.H13CORE.0.S.C	-2.2688182946881232	0.15383575131083463	4.370844859548212	2.0525420216124792	-14.33588103101778	4.307895689193999
CUX2.H13CORE.2.S.C	5.207778740806501	0.1370764154007077	3.1775098099948575	-1.4564158455487761	7.383118149309824	-5.295067434909892
ZN749.H13CORE.0.P.C	-7.2572965613271695e-06	-5.0044033767211794e-08	-1.05413265642668e-06	-4.7203203498809664e-07	9.660368364255342e-06	2.10580171692957e-05
ZNF696.H13CORE.0.PSG.A	0.00013992356270293698	5.227410390122367e-08	6.912050644110191e-06	3.712448488053675e-05	0.0008882469506944265	0.003773120871019511
ZN284.H13CORE.0.P.C	-1.9971793626117396	-0.005621100217640669	0.38289245997708676	3.3606512749180624	-3.502393602700245	1.805917004452911
OLIG1.H13CORE.0.S.B	-0.030425806416078886	-0.00024294868643115147	-0.04266519396145184	-0.007373288532452755	0.03491517500026289	0.03335835756140724
SP1.H13CORE.2.P.B	0.006532499272751094	-0.00036040135677634127	-0.011513044354050726	0.007192712602997059	0.012625585289534495	-0.007480746565605551
NKX61.H13CORE.0.PS.A	0.0002132124228276245	8.75699114286085e-07	-2.3717773017934786e-05	4.339080180532642e-05	0.0008703947877831009	0.004275397462604464
ZXDA.H13CORE.0.PSI.A	-2.296233396152268	-0.12008536503472335	0.9245065850006301	0.7877083020057357	13.565745563708251	-4.68237487844582
ZN816.H13CORE.0.P.B	-8.058258291007468e-06	1.3451137973822086e-08	6.834896703769245e-07	-1.506008472666738e-06	-5.3598986020090796e-05	-0.00020993983462103393
CENPB.H13CORE.0.S.B	0.0011088431521192638	2.2404953394698743e-06	0.0001532351303536515	0.00031330634313553974	0.0031346734373748067	0.022084893209043062
BATF2.H13CORE.0.PSG.A	1.5418652602590537	0.06720445597859286	3.4848386684233152	2.9652930343480106	-2.642020786132478	-0.25103190889356347
ZN716.H13CORE.1.P.C	-3.5401065280958566	-0.274870218788926	-11.431598079616874	-7.396900353333111	9.826422513298544	0.847544902561932
SUH.H13CORE.0.P.B	5.372647854247698	-0.06416036417655269	-0.49685097381752674	-2.5214228320558596	1.267901490193964	-1.259576774930983
KLF16.H13CORE.1.P.B	-0.003365284457551669	-7.256728979553873e-05	0.0004064449606043153	-0.0013328218873691557	-0.01611582396953419	0.020179480211201768
ZBT40.H13CORE.0.P.B	0.09499656289719462	-0.00012306055127987722	0.023257864986470634	-0.02704446716601396	-0.23208372565671584	0.17520165043897895
ZNF724.H13CORE.0.PSG.A	0.0001598558702892071	1.5357950891663654e-06	0.00017558740610662467	0.00015604954456862485	-2.1301786675814014e-05	-1.2604768053298448e-05
TF2L1.H13CORE.0.PSM.A	0.00040800671050707666	9.941220798176086e-06	0.0006296291615514219	0.0004808189696979582	-0.002763058082532309	0.0013188729829309075
ZBTB47.H13CORE.0.PSG.A	0.0024465988995781706	-1.511368035354026e-05	0.0008030607434622262	0.00011443102685323765	0.0054924608256321835	-0.0076079701889191454
PRDM9.H13CORE.0.P.B	-0.000956103397672705	-6.767686308518373e-07	-4.0035347980364764e-05	-0.00011699882007303017	-0.004504700043999329	-0.019694305753892336
TF7L1.H13CORE.0.PM.A	-10.13575783374834	-0.06570697421809814	-5.6358608656013836	1.1304015320543819	0.1245463412217872	3.4922044025990764
ZN224.H13CORE.0.P.B	9.936484884973e-07	5.927997634831976e-09	7.059908115691468e-07	7.416356119531829e-07	1.5927200078639269e-06	-1.0662537948650586e-06
ZBTB41.H13CORE.0.PSG.A	0.001437081208438777	-4.779439612635963e-05	-0.0028008729343518926	-0.0026331029645328863	-0.005598804401936859	0.00932761994444156
ZNF471.H13CORE.0.PSG.A	0.003223084449441882	3.808786612813467e-05	0.0009767641509549664	0.0007055994625322127	-0.008982810288617603	0.0036902461597823136
SOX7.H13CORE.1.SM.B	0.02778795963952667	4.649456360945885e-05	0.008677890997089535	-0.009444353975097193	0.02845827379438646	-0.047779068637999425
ANDR.H13CORE.1.S.C	-8.995779909124245	0.07722197248857043	-2.3387978026727074	1.3204335377362064	2.620477535453535	0.39963758473098726
ZN141.H13CORE.0.P.C	0.10782870530389131	0.00013826698686180173	0.01666922053271175	0.008586179870347727	-0.21398466659638266	0.10681148688139581
RXRG.H13CORE.2.P.B	1.9901360788581182e-05	1.9626058775551713e-08	2.516077675411818e-05	1.7652807210761172e-06	-0.00010650302143595356	-0.0004803435194115516
TIGD7.H13CORE.0.SGIB.A	7.416969715974419e-05	1.5372669316484718e-07	6.63032853625347e-05	-8.058316559632217e-05	0.0021444805842148313	0.009947178683470203
ZN331.H13CORE.0.P.B	0.00798150720466263	4.5333809175527914e-05	0.0058932811930021605	0.006840398003725179	0.002280492536629883	-0.018426369680482786
RARA.H13CORE.1.P.B	-0.0004085171858410796	-7.914259184651107e-06	-0.0003516828619214701	-0.0001261076394181367	-0.0014497626784936034	0.0019421535445483089
RFX4.H13CORE.0.SM.B	0.6108069202280155	-0.0028893804427616776	0.0027088205669274154	-0.36340543060860875	0.8272026916169579	-0.8277156185592839
ZN584.H13CORE.1.P.C	-0.8909563837215639	0.022040862428687847	0.5739076870113603	1.8257041259251205	-3.9313966562371676	1.6727571073504661
ZNF12.H13CORE.1.M.C	6.862483278663085e-05	1.3990483903047805e-07	1.831591549770861e-05	1.7298619785386942e-05	0.00013270170212735624	0.0008332152558782475
ZNF526.H13CORE.0.S.C	0.049975177879000514	0.00034355654280860136	0.038027725187473264	0.01210943587589204	-0.2579394387431874	0.18148752276899505
MSANTD1.H13CORE.0.PSGIB.A	-0.6898097494711047	0.04608101950281475	0.7797909313271006	0.8380226359620995	0.5092298241158036	-0.965589507150259
