	overall	ASCL1	ATOH1	NEUROD1	POU2F3
NKX23.H14CORE.0.SM.B	2.07121938210644	1.3955044912993022	0.2229418124159468	3.4169308295780425	1.867417142518727
CUX2.H14CORE.2.S.C	3.12440440030555	2.1372872934347185	5.738888165069319	1.235373119754211	0.13649298785384692
ZN665.H14CORE.0.PSG.A	2.2851516929212408	1.9599253373355239	2.5866069553125994	2.7709452813729474	1.6363656122880867
ZN646.H14CORE.0.PSG.A	1.0703253121923	0.198295854631177	1.7369250340442763	1.212337860026562	0.2374703959881624
ZN213.H14CORE.0.P.C	4.138099572854321	2.680085271248682	6.621007477279038	3.3331098284367378	2.522945519756187
HINFP.H14CORE.0.P.B	0.4572262527291578	0.4810080635837777	0.5599583007030671	0.467020072185955	0.27054312254340146
ZN133.H14CORE.0.P.B	1.719469704205066	1.577904471386328	0.4745988986379495	2.7051432140436638	1.3392079042555056
IRF9.H14CORE.0.PSM.A	3.3042042042579363	1.751243897882673	4.018430163852225	3.8174738440993616	3.1437746375546416
Z354A.H14CORE.0.P.B	3.1649507571177122	0.23364469395349632	4.101234823623673	4.3209621963531655	2.1265516584580353
ZSC31.H14CORE.0.P.C	0.9231322508661773	0.45608367996251603	0.008860735147036001	1.751667396223234	0.3636799521695399
ZBT26.H14CORE.1.SM.B	1.5102894743272144	0.7744377294044309	2.884118265959473	0.40687345392111957	0.2011447458484179
PRD15.H14CORE.0.P.B	1.1833636977507023	1.313862389997646	0.7267331972429135	1.8231794504613772	0.1517884587410333
ELYS.H14CORE.0.B.B	2.9131654145490855	1.9503430566687858	0.25112385128618814	5.267482352281982	1.527370083220409
ZN322.H14CORE.0.P.C	1.9012165628655635	0.23246574211718024	0.9554575469066828	1.2019799398210116	3.470850393596105
ZFP90.H14CORE.0.P.C	0.37184284585411964	0.24706887153086085	0.1570326978852134	0.683101772955351	0.027167634276408958
ZN304.H14CORE.0.P.C	1.6155319316977732	0.5540791163364945	1.2883448180563568	2.0020918490726087	2.112951935053109
SALL3.H14CORE.0.PSG.A	1.0039015060090455	1.2164580326017853	0.5673822367056622	1.0674998091731998	1.044042309905865
ZN660.H14CORE.0.SM.B	3.3004189879490746	1.6669670822655636	1.246862721791292	6.2621489251903295	0.15200961300855337
ZN331.H14CORE.0.P.B	2.355405644162517	0.21636789617977856	3.5311157045137525	2.820373754134183	1.3121134463302733
E2F4.H14CORE.2.S.B	0.577603547822025	0.09687367783192168	0.8697934360495944	0.41811971877379395	0.6274983695175966
OSR1.H14CORE.0.SM.B	2.6438269281910634	1.7239289473841806	4.441529989627	2.055398601559713	1.0175953170263725
FOXB1.H14CORE.0.SM.B	2.763849564142329	2.115125621994807	4.691050713838993	1.9507116078942497	0.5200660333432213
ZN716.H14CORE.0.P.C	0.8647638970980799	0.6464474318117656	0.37547486636611754	1.559252333551008	0.03350960823538517
ZN587.H14CORE.0.P.C	3.6242134531409342	2.179979238354361	6.570312124702934	0.26548801811026257	2.1325800881271455
ZN141.H14CORE.0.P.C	1.3602823617987296	0.22631577634332883	2.281894579109913	1.0746260498993492	0.9941778348804365
ZN681.H14CORE.0.P.C	0.39558284790350356	0.2889612882832144	0.22628160510309292	0.4590618754442266	0.5296256808360864
ZN205.H14CORE.0.P.C	1.085572758024963	0.7811100635311896	1.9207431605659373	0.5057565165867585	0.39836663713619735
PRDM6.H14CORE.0.P.B	1.2717078618375772	0.5075272693506606	2.4323401097314097	0.25950987202200765	0.47723770934240567
SOX9.H14CORE.2.S.B	1.4827216300045167	1.212045700166861	2.2982503846670572	1.4158693607173294	0.19534091174061255
KAISO.H14CORE.0.P.B	3.5588629981790976	1.0356593197832415	6.012480451889741	2.313393078186094	2.8438924758196804
ZN507.H14CORE.0.I.B	0.730600936700605	0.26662604498800857	0.09800065810960074	0.8161774823400245	1.1782494028415385
ZN180.H14CORE.0.P.C	4.255032009263239	3.288633517235798	7.0440413087422264	3.338536466417172	0.9174614388998577
REL.H14CORE.0.P.B	1.731181114437424	0.6163390119575843	3.2556679998296953	0.9908063635165819	0.16433822190322625
NANOG.H14CORE.0.P.B	1.0525709393311453	0.2330176721236552	0.9460619831221203	1.4302667512167968	1.1985945261975217
ZN483.H14CORE.0.P.C	1.103651852864217	0.544236685424135	0.33015603834764645	1.1753206111049788	1.75659173714766
ZN773.H14CORE.0.PG.A	0.5694728154095451	0.051341158144484846	0.6880929890886465	0.8606542659688371	0.28348458208335126
RARG.H14CORE.0.P.B	4.037676252670817	2.8837227622334436	5.198843866028241	5.314779434882248	1.2730291164452567
STF1.H14CORE.0.PSM.A	2.3881299492972348	0.05725169087680607	0.8662876394530167	2.666561754760091	3.8663128425665594
ZN730.H14CORE.0.P.C	0.5623250594793453	0.16205749811187237	0.40832864252116385	0.3942524444250954	0.9572920072481427
MYPOP.H14CORE.0.PSGB.A	0.553129762529449	0.05234620446693724	0.36507224598913784	0.6615673751243911	0.8063007348631861
ZF69B.H14CORE.0.P.C	0.8329019814622041	0.21315141876791194	1.3672985144323595	0.6769942686212997	0.6337529867833865
CGBP1.H14CORE.0.PSGIB.A	1.1614297162663587	0.3579427099550878	2.2135830299519457	0.5898101149345306	0.14045339983747598
ETV7.H14CORE.1.P.C	4.6468602326333714	2.7808634925033813	5.344138074497905	5.344957475543668	4.638065992190223
MBD1.H14CORE.0.PSIB.A	4.525667055364597	3.0935905422684242	6.993442721785553	4.838454926147235	0.19354473793783003
ZN335.H14CORE.0.PSG.A	4.212085800468113	3.273883657871032	4.185683607811818	5.80282763795656	3.0092519163752884
THA.H14CORE.2.S.B	1.3649622020027408	0.7320271908909564	0.2856186435432566	2.5122059151868634	0.7237864833924593
ZN749.H14CORE.1.P.C	0.2904712937379213	0.3339790080905003	0.35103533261887027	0.270943287370346	0.17121986561179678
DPF1.H14CORE.0.SM.B	1.5236256510776016	0.8479983012787992	2.607297041892869	0.745572925515517	1.1012549784631078
HSF2.H14CORE.0.PSM.A	2.1954884462785915	0.9194657332059972	4.085192183744408	1.3213072546675662	0.02475473828469366
BARX1.H14CORE.0.P.C	1.3564897467133434	0.5010978058458675	1.2581038862090481	2.3492630723534376	0.08541866957730816
MYCN.H14CORE.1.M.C	1.8084643950239154	0.049364313365506035	0.7022834964009952	2.2411043346140023	2.7502702210691847
MEF2D.H14CORE.1.M.C	1.1588016649804902	0.10953705677933397	1.154941491643985	1.753333569422197	0.9753042466096057
ZN208.H14CORE.0.SGI.A	2.75393469232778	0.33394823147907515	0.6471941740125184	2.670731428638609	4.761663267632881
ZN772.H14CORE.0.PG.A	0.2513972801602527	0.23197407791271735	0.3477864108241027	0.19296585854750467	0.20198808614754427
RLF.H14CORE.0.PSGI.A	1.3705061683288742	0.5613434367393277	0.5727982296561752	2.3801997920069815	1.097539663963141
ZN480.H14CORE.0.P.C	4.923145544839347	2.869828785414581	1.9239455611197454	8.854564430270937	2.5707300895115885
OLIG1.H14CORE.0.S.B	3.569174976023285	2.6398848107921493	4.778040327688332	4.326744874138985	1.5609797066996633
ZN766.H14CORE.1.P.B	1.8408164186259792	1.4755010108753004	2.971249864969963	1.4629048910285916	0.6394533876354669
ZN124.H14CORE.0.P.C	1.628670451457359	1.055913929607127	2.929972410948881	0.7784190175794026	0.5519429637308785
ZN251.H14CORE.0.PSGI.A	1.8806906006185309	1.4136838105508645	1.3826844313990276	3.0899598471786662	0.8305531474844287
PO2F2.H14CORE.1.M.C	1.3463278480303207	0.5210738450505712	2.3836008886844766	1.130931836393468	0.13533931589268933
ZN627.H14CORE.0.P.C	1.8948069189361683	0.34352392764970363	3.26202988020942	1.896980843693132	0.06155558957425577
ZF64B.H14CORE.1.P.B	2.619532304469296	0.9215974919424543	0.33605616290867457	4.230349258305755	2.930813444694374
ZNF12.H14CORE.0.P.C	2.77499854018961	2.2085040997609946	2.790636712039155	4.084215975702682	1.2068570084276875
ZN526.H14CORE.0.S.C	2.920535802860069	0.05096004413691595	3.2506362073504205	4.218723353107364	2.3981780781377844
TEAD1.H14CORE.2.S.C	1.7021522648376788	1.0928675661456773	2.770535805010341	0.3205415075699048	1.6175024911002447
FWCH1.H14CORE.0.PSGB.A	2.0521765481576995	1.7950685514020222	3.147696856042613	1.9184817451478668	0.18674991564949772
CXXC4.H14CORE.0.PSGIB.A	1.076513857558784	0.7882412997178785	0.24143657051239922	1.9478039548199462	0.40245761452659184
ZN766.H14CORE.0.P.B	0.4660382509429712	0.3885227847750701	0.7783778853850998	0.1998182081592451	0.2683602099976981
TCF20.H14CORE.0.B.B	1.4554280282050103	1.2919800930803087	0.38829814969486354	1.9041323149417857	1.7399353707425675
ZSC25.H14CORE.0.PSG.A	2.456436425347146	1.2879105268178093	0.698747555239339	4.68871880555309	0.07262188720206693
GRHL1.H14CORE.1.PS.A	1.8210628010188494	0.8537206389215384	1.0774605454691646	3.0068298209245725	1.5278393805154602
ZNF26.H14CORE.0.P.B	3.338482330052307	0.6983461536802839	5.84612449632053	2.8588631719221853	1.3205678550055373
Z587B.H14CORE.0.SG.A	0.10845384096389953	0.10147664066239119	0.12031067671220139	0.12460941071436303	0.08215393909995147
BCL6.H14CORE.0.PSM.A	0.7665966951627521	0.7027011473359415	0.3387533787851374	0.9988149910619679	0.8628486725156965
ZN567.H14CORE.0.P.C	2.077652837241636	1.484447565882713	2.711319805824127	0.4227429069676179	2.744633676411509
SUH.H14CORE.0.P.B	2.3556429249946476	1.5803808209254113	4.221818621509319	0.13414571650023022	1.3626677052687026
SP100.H14CORE.0.PSGI.A	3.0477882212622975	2.3160412194957547	2.999448999468659	2.6906267916176825	3.9440890461642737
FOXK1.H14CORE.0.PS.A	3.522061078915062	1.5025204553954912	6.1499200055612855	1.1526697723980783	2.865645752103405
ZN749.H14CORE.0.P.C	3.1789099074291496	1.1826314196186114	1.7055519322321604	0.06417757254333596	6.009178776603112
ZFX.H14CORE.0.P.B	1.1279394301854362	0.27922524049345937	0.35189877909617645	0.010984439778624068	2.2106716827907587
SRF.H14CORE.0.PSM.A	0.9956052111673531	0.9529472939834019	1.2282559245818188	1.243640580236278	0.03944479462878018
ZN778.H14CORE.0.P.C	1.944829502203692	1.5207840745973664	2.7754712217287283	2.0486200493333726	0.9573809899112512
SPI1.H14CORE.0.P.B	2.4838327833553056	0.7865348635498352	2.415002636658441	1.6002190997354668	3.958045627437548
PO3F2.H14CORE.0.P.B	1.5478857785923155	1.0215694425045863	2.6790567876770504	1.0516862141605035	0.5067625121893816
Z705G.H14CORE.0.P.C	2.3049368543924618	0.7578164619435706	0.4321553093568457	3.5590119260917183	2.7970208650429123
ZN649.H14CORE.0.P.C	1.623953251246243	1.2523683394619909	0.391079012717197	2.80099994589207	0.9909221463722319
GRHL2.H14CORE.0.P.B	1.1328345677749379	0.05809004671308232	1.1971411518673363	1.5403837857684843	1.1506315801782483
PRDM9.H14CORE.0.P.B	2.4560440386301776	1.6149683069586238	4.539402236025567	0.35081564671297377	0.8895180537065978
ZN283.H14CORE.0.P.C	1.7942876553822338	0.0013657774580666752	2.5561584915640023	0.9228342362414229	2.343566008054005
ZKSC1.H14CORE.0.P.B	1.5071223130184124	0.28625427995941505	1.9153595976105504	1.4872251733477801	1.7672826735976928
CUX1.H14CORE.2.P.C	1.3016623735144255	0.4594842632793548	1.7176186756651686	0.5072499019880905	1.8326640642056482
REST.H14CORE.0.P.B	3.0542230290022445	1.669081790591785	1.2378917094793789	4.9474888456147665	2.918434076347312
ZBT7B.H14CORE.0.SM.B	1.8027778845682771	0.5593552659507659	3.196958216371729	1.026958832267223	1.1882625174634904
BATF2.H14CORE.0.PSG.A	1.5886850609589467	1.672970710068258	2.072832860840085	1.6899740469697428	0.3797387871951654
ZN143.H14CORE.0.P.B	3.333670296664202	1.9701354385777892	4.556526456947117	4.40403944373548	0.6438168732393331
MSD4.H14CORE.0.SGIB.A	2.032697178190959	0.9323704116319059	3.736051809607589	0.6690170571027039	1.1191290102793336
ZNF16.H14CORE.0.P.C	1.2652142029964237	0.40166968457972774	2.2595107774141345	1.051880394414596	0.17288165009824907
ZNF43.H14CORE.0.PSGI.A	0.000843766988435003	0.001068523882523095	0.00012349486308067646	0.0012978470253539765	7.981073324427551e-05
ZFP91.H14CORE.0.SGI.A	2.7295431067880456	0.3190806881153565	0.2960735766430331	0.22221275895090165	5.437165780873488
TBX5.H14CORE.1.P.B	1.734155814941099	1.6756480827848204	2.680749843415333	1.4094025334300302	0.22034935993857988
HMX1.H14CORE.0.SM.B	0.8971211269589181	0.5104610542450947	0.34544772152233394	0.8273729600794748	1.4679423130584863
NACC2.H14CORE.0.PSGIB.A	1.8907723077764862	0.06450781884797632	2.551432170800904	2.2829573206713403	1.6044370260376304
ZN239.H14CORE.0.P.C	1.4502926536702354	0.865813078871779	2.7078875659529014	0.08773786476723724	0.5686913353109396
ZBT16.H14CORE.0.P.B	3.5165579754236713	0.31057290463112225	3.6607049134128404	5.531689061238918	2.3168772336179364
MYSM1.H14CORE.0.P.B	0.6787857313357541	0.15517952682004568	1.2010851245359853	0.6034822009972698	0.1101060734647849
ZF64B.H14CORE.0.P.B	2.2017699468853493	1.6938287739440645	1.2326964978902553	3.324546827551901	1.9874494751044343
ZN142.H14CORE.0.PSGI.A	2.626103101902539	2.2140317301535624	2.745428109450974	3.8891462380508344	0.14456673218021268
ZSA5A.H14CORE.0.SM.B	2.2301991997354293	1.9505812699426586	3.079137433037732	2.4432586088245203	0.7998666327718382
ZNF24.H14CORE.0.P.B	3.431384246330841	2.5444114844764174	5.58672960082093	2.8907818419070943	1.027323849302568
FIZ1.H14CORE.0.PSGI.A	3.541908376502612	2.740348967165631	5.199851433451824	3.42718160117854	1.9715269896412884
VDR.H14CORE.0.PS.A	1.3170321460352323	0.5623646017274078	0.1791204520369188	0.4618376226533963	2.525205461630519
ZN490.H14CORE.0.P.C	3.116404505297101	1.0559142733320543	4.943294737582406	2.1672729496129075	2.9325276314442763
ZXDA.H14CORE.0.PSI.A	3.8225264618792223	2.9560229753906535	5.953520084682512	3.7611904595499874	0.34323068671409407
SOX10.H14CORE.2.S.C	1.36506519845086	1.6200144506172498	1.1128811013260436	1.5673032210505413	1.0649983246343457
ZN177.H14CORE.0.SM.B	1.9101475314860688	1.5493172060524625	3.301352087160991	0.3580608410246472	1.0803413321360846
NR1H4.H14CORE.0.P.B	2.389621269774377	1.5857619238651492	2.8193694988242117	3.0940100890119595	1.6747464198629733
ZN789.H14CORE.0.P.C	0.6855659126563074	0.6752617704906528	0.03710020192350054	1.1895155234214025	0.0877520270744433
ZN768.H14CORE.1.P.B	1.4491175927054523	0.45196967303038343	0.31804829820520986	1.9056208955246332	2.1125683153837307
ZN101.H14CORE.0.P.C	2.259182170823102	0.3466134362256532	3.611302699811743	2.605069579490175	0.6837987613582509
MEIS2.H14CORE.0.P.C	3.8488399781371223	0.1477940578778348	4.514200640784546	4.765552738483858	4.017951380635617
ZN266.H14CORE.0.P.B	2.269792845642585	1.9436492912122139	0.6234838708558484	3.737818623429231	1.5716378343688244
ZN674.H14CORE.0.P.C	1.015051513809255	0.717129943423955	0.7478364143977722	1.498100644579304	0.896369400973925
ZNF79.H14CORE.0.P.C	2.78802343568388	2.4655957106345108	1.6963963258674613	4.171825517938465	2.175143180770342
ZN341.H14CORE.0.P.B	2.18043126270922	2.0192937527009485	2.4867728164560705	2.120058612214236	2.06419164469126
ZN436.H14CORE.0.P.C	0.997024649322525	0.9388013867252252	0.6898328023338083	0.38977237572352663	1.5706981764988246
ERR1.H14CORE.0.PSM.A	3.9990369562451304	2.217770668990595	6.780327544468829	1.5341360982061605	3.2747922668957736
ZN440.H14CORE.0.P.C	1.5507515533910963	1.2740497250141953	2.715446277244622	0.6898427978718746	0.3828671430058639
STAT6.H14CORE.0.P.B	1.5362660957690701	1.1656337485114727	2.0914676694006245	1.833704806421087	0.5874025052120411
LHX8.H14CORE.1.M.C	2.5814068538588413	1.9877259174150097	0.2105785223882011	4.035648975776869	2.5244375785616424
ZN554.H14CORE.0.P.C	1.2173414721780145	0.6884459849852531	0.4019456125090366	1.8591868745415399	1.3548383871934775
YBOX1.H14CORE.0.SM.B	1.7619776099631959	0.8855348689780191	2.393276045872581	1.9941631036313543	1.389111828557519
TEF.H14CORE.0.SM.B	1.1603079215053802	0.7530032436106975	0.5337849340791903	2.0967145142265697	0.3702781331999288
ZN416.H14CORE.0.P.C	1.995429018533554	0.11303056370806412	3.147554262710585	2.0800413140604217	1.296341875735405
MBD3.H14CORE.0.P.B	3.365481932002788	0.6007598221351248	5.36475020173539	3.4663873027383647	2.0368054681415657
ZN845.H14CORE.0.PSG.A	1.14166275527021	0.6049095616481184	1.0818766419522174	1.3466322358458263	1.3652048792362323
ZN131.H14CORE.0.PSGI.A	0.49965160144802684	0.32160900437594336	0.560967423854995	0.3184815953845706	0.6921412878866677
ZN584.H14CORE.0.P.B	2.2946621251219974	1.1768405064963823	1.17255115601875	4.210981410158464	0.7547866228053248
NRF1.H14CORE.0.PS.A	3.3138636986583196	0.07909987437755263	4.040954835875891	4.594576347868018	2.5457937585433124
THAP1.H14CORE.0.P.B	1.7595262835379386	0.42291803951978363	0.6986765375846485	2.9108401014319076	1.8010364519955369
HSF1.H14CORE.1.P.B	1.939806134625322	1.4388347276704083	1.5325911571498243	3.172167022711967	0.7547626853618359
GLIS3.H14CORE.1.S.C	1.6791749334600736	0.5754592861912694	2.481648465225792	1.1356369792940513	1.870590811717293
ZN566.H14CORE.0.P.C	1.237544933244076	0.6822572091229615	0.14174341937558885	2.0783566887137597	1.1493203319068959
ZN836.H14CORE.0.PSG.A	0.6807755459848458	0.35573212428900264	1.266627057734992	0.2094461137305581	0.28118366568749376
NPAS4.H14CORE.0.P.B	2.2482239102095694	1.8432578588046107	2.845510650748779	2.7909177275938	0.9665872138534537
VEZF1.H14CORE.0.P.C	2.2781340606603386	0.9619205575990825	4.018538032395056	1.65888379447915	0.9663046480485602
PRDM1.H14CORE.0.S.B	4.252694297615772	3.1943913077149224	5.877884512140505	5.218762092871546	0.5937130696185996
ZN329.H14CORE.0.P.C	2.5565751695022616	2.2446354175101138	2.33427010041779	3.710272375194862	1.3751291691629073
ZN100.H14CORE.0.P.B	1.842908062690911	1.6432986273518975	2.0718474370027278	2.566445809596441	0.07492820335582595
KLF10.H14CORE.1.PSM.A	0.9386750608275733	0.7974914409780014	0.4177151590267803	1.4271193995704352	0.8229794323884266
ZN174.H14CORE.0.M.C	1.8959109687439857	1.1660796335558772	2.4829577440484027	1.7242578208119508	1.969778592243329
ZN800.H14CORE.0.PSG.A	3.6727582397056464	0.456344188440678	2.9866604706396136	5.516309234357314	3.794542659536492
ZN814.H14CORE.0.PSG.A	2.1753655737869795	0.4438724865194897	2.0755187717817356	2.733193939655283	2.6369890880309867
RXRG.H14CORE.1.SM.B	3.1541185594112022	0.945668965948584	3.6622573527322344	2.077619565975512	4.601188300381211
KLF3.H14CORE.1.M.C	0.37006327474988454	0.43324681817549593	0.19650569452997166	0.5564557164386573	0.10875224813895629
Z585B.H14CORE.0.P.C	2.195206504046055	0.2695038660001374	1.4159030216030315	3.089420740458187	2.7665487831732847
ZN564.H14CORE.0.P.C	4.4858231847318315	2.7624843945068296	8.493113764667886	0.7295542698867907	0.4403268064921802
ZN140.H14CORE.0.P.B	3.2756131159107285	2.1794761015799042	5.448126006329075	1.8404184328028732	2.2581479301648604
ZN551.H14CORE.0.PSG.A	1.5988288895305782	1.1430957410146443	0.635472914792449	2.329957625167732	1.756649947585585
ZN578.H14CORE.0.P.B	2.7814176773253214	1.7484091282154108	5.172395600879101	0.1809633212557272	1.0496564808025484
ZN506.H14CORE.0.P.C	1.343139213736705	1.3165205688143353	1.6294036557546678	1.3949204791178544	0.9392049645038808
GLIS1.H14CORE.1.P.B	1.5556891200400065	1.19169122195622	0.6470291783243269	2.7821945243812527	0.3182663275557275
USF2.H14CORE.0.PSM.A	3.440941126062207	2.4384049853195076	3.678211511111579	2.7306222701184377	4.519839218062238
SOX30.H14CORE.0.P.C	2.4868086384022603	1.3772520346351083	2.322309937523573	2.9250978146780042	2.981731875582895
ZN547.H14CORE.0.P.B	1.8645648162675503	1.6606287025884379	3.254515012627432	0.7368661715007769	0.11781513600242831
PKNX1.H14CORE.1.P.B	2.691600092791868	1.695862478415439	5.006062338843781	0.7534427850488424	0.6888820810844171
TET3.H14CORE.0.PSGIB.A	1.9647527590103524	1.2275246929161918	3.449332023886303	0.4482713661255949	1.3547538948977016
ZN875.H14CORE.0.P.C	1.7639886427265132	0.9545158942323533	1.1157825488584032	2.3273187807589744	2.2077453953569743
ZN805.H14CORE.0.P.C	3.355533278991363	1.6762723473413255	0.8729922733545903	6.435304659518594	0.23078949944566937
ZNF66.H14CORE.0.PG.A	0.9258038068494708	0.2577131232321613	0.4544520904424286	0.38927685385043587	1.7331969102703326
ZN215.H14CORE.0.PSG.A	1.6149849135271377	1.0876728849619803	0.8759682900544087	2.790144621051794	0.835131922174217
SOX2.H14CORE.3.S.B	4.637906124410722	3.2670434231427317	7.926164322792815	3.0271874983963554	1.8382532807871947
ZN610.H14CORE.0.P.B	1.8857409586490035	1.1396495245136362	3.2838765770641247	0.40484485668499776	1.4062468070744207
ZSC22.H14CORE.0.P.C	1.8308775487409248	1.583209125658104	1.7412781621294484	1.4743106315560053	2.3866834272980646
ZN721.H14CORE.0.PSG.A	0.8841996745969934	1.0067439178132196	1.1466536932844087	0.8616489702578639	0.2375906183050875
NR1I3.H14CORE.2.M.C	1.5236290979224278	1.1286565004506661	2.74075143972566	0.4164349284870261	0.5716471919915515
ZN250.H14CORE.0.P.C	4.091168435278408	2.4239845739017123	4.882368624307661	4.967858466559817	3.543697831554783
ZKSC5.H14CORE.0.P.C	3.9913674781282076	2.791914776267701	6.314978526145587	3.8002759159321338	1.2681555271347764
E2F1.H14CORE.0.P.B	2.513239750005861	0.1513101131937626	1.5534026865688215	1.774140730830305	4.436436201981615
GLI3.H14CORE.1.M.C	2.273148912896539	1.2699376592600904	3.862687371423292	0.8152264919747245	1.8630980381701538
SATB1.H14CORE.0.P.B	1.5932379105402428	1.8512205408010396	1.5284854771058636	1.8891812010324298	0.9062765602116096
ZN692.H14CORE.0.P.C	1.5793476729448348	0.09682864911654089	1.7011070219515256	2.2139323995118523	1.4740144948792837
MSD1.H14CORE.0.PSGIB.A	1.2428104085583935	0.9840823337347432	1.2657276379856321	1.8476514351851867	0.44046626137870976
PO2F2.H14CORE.0.PSM.A	2.192547838088079	1.670612003798008	1.7278359412236979	3.6487393866387414	0.37336774176621373
ZN529.H14CORE.0.P.B	3.375273370911118	2.54644553205379	3.781466604824149	4.2489913448733265	2.5946250853642363
MCR.H14CORE.0.S.B	1.817469763901995	1.7814805532641125	1.461228679141293	2.8092145483429736	0.11061997001835422
PIT1.H14CORE.1.S.B	0.7787063058200879	0.7179901461330335	1.2688147413216135	0.47290440971065134	0.27657686894049227
KLF16.H14CORE.1.P.B	0.5188815636725485	0.14772468182281073	0.5515900865190362	0.8493768084092657	0.1715725521400114
ZFP57.H14CORE.0.P.B	2.991057063236254	1.5617367618170601	0.8800550664480565	4.6124497978330625	3.3611720651314396
ZN493.H14CORE.0.PSGI.A	1.5777017640517081	1.189936131800137	1.1720427128934179	2.647550299192134	0.39675775960287635
ZN782.H14CORE.0.P.C	2.738665117625481	2.548111559424309	1.9791869422400556	3.599251767297403	2.576136593815545
KMT2B.H14CORE.0.P.B	0.5570289190057393	0.22385788748931418	0.18889053131397282	0.5877500341023454	0.8999348738860209
TDIF1.H14CORE.0.PSG.A	1.3235557197535486	0.7857168113207261	2.1816208587707338	0.7274460263760814	1.0493811380348999
PITX2.H14CORE.0.SM.B	0.9080515791498188	0.640246303071474	1.6848871908972742	0.16547896484862365	0.14861769454593718
BATF.H14CORE.0.P.B	3.6780094495628357	2.6490772977194474	0.5347265325046205	6.834033103104341	0.3216560214128192
TFE2.H14CORE.0.PS.A	6.368259047502334	4.598614255092884	8.75571246059344	7.493971736730549	2.8721989892293913
RUNX1.H14CORE.0.P.B	2.360586521727509	0.8295559816901278	0.7840933145103833	3.927336948342001	2.358502479925833
FOXD2.H14CORE.1.SM.B	1.6707340107674447	0.09007947989378372	2.235001318780328	2.4820551596304883	0.03828205642622393
ZBT22.H14CORE.0.SM.B	3.194182951908127	1.5644749332915227	6.089513346297212	0.6650659502735103	0.9160521771162738
ZN584.H14CORE.1.P.C	2.8453682679602235	1.5634299060709855	2.04339375805731	3.8819553689939093	3.2703415284545594
ZN618.H14CORE.0.G.B	2.1698421981680673	1.5566861096773432	3.3689077235044524	1.5220645936386752	1.656311908743194
TIGD5.H14CORE.0.PSGI.A	1.2295672518471343	0.43278655237834934	1.6575825610732275	0.3070094463767424	1.7372977753976104
RXRG.H14CORE.2.P.B	1.1355140337227159	0.7570078739715206	0.8505897501184868	1.9513072068373403	0.23109483639423692
ZNF35.H14CORE.0.P.C	1.8274101012368646	1.6900305699866098	1.661370767413925	2.778200503139655	0.15151409986493272
ZN888.H14CORE.0.P.B	4.5498392872737945	0.9011821508479998	1.0340227707312475	4.558524943488703	7.75517041336127
ZN320.H14CORE.0.P.B	2.267958636086747	1.744751724494312	3.7739959577129687	1.5353368678279486	0.964407659307201
GMEB2.H14CORE.0.P.C	2.6582278813107476	1.7444313426335132	4.9334442185513545	0.6372729751716647	0.6904147045850147
TF2LY.H14CORE.0.SM.B	2.5538927868097065	1.9099954181673857	0.5690143167203815	4.41618420083945	1.617074760262324
ZIM3.H14CORE.0.P.B	0.5217368143983425	0.6889995166808635	0.6759219984023709	0.3893471723507059	0.0752004751707958
ZN680.H14CORE.0.P.B	0.6952160802162692	0.4410611608516877	0.9348539216821493	0.9195292464362295	0.13885515913059807
F200B.H14CORE.0.PSGIB.A	2.7568005279165853	0.7099006873022938	2.4245220331691417	0.4543366508291243	4.87966276861866
GRHL1.H14CORE.0.PSM.A	2.673991288508905	1.017678586977912	0.3056061657617649	1.7973150924023142	4.923566925285362
ZXDC.H14CORE.0.PI.A	2.9636777185531864	2.347266704223211	4.488721723669395	3.03194926125129	0.5315472337392014
P73.H14CORE.0.PS.A	1.7688506247861604	1.5817164752044024	2.2114760269124702	2.1041712633394623	0.8338706135968373
SETBP.H14CORE.0.B.B	2.321093498710733	1.38626790822757	4.3903161783348565	0.3078063081884643	0.5084688156985531
HM20A.H14CORE.0.SB.A	1.0302549681733082	0.5757060365912208	1.7587735788420629	0.26598382436651075	0.8661592583110873
ZN582.H14CORE.0.P.C	0.4211066475037158	0.3974145842751646	0.6650303182797105	0.2834932777604218	0.16956155143815002
ZFP14.H14CORE.0.P.C	1.3365359074932248	1.183605511878656	1.266682007188089	2.0047369274485995	0.3477606428498205
ZSC12.H14CORE.0.P.B	2.407735265358814	0.9427167541372846	4.089006406466137	0.6511299504111238	2.270704284849808
EGR1.H14CORE.0.PS.A	1.744559391634206	1.4437291228856335	1.0338100071675618	2.9110042108172625	0.7395183954254922
PO3F2.H14CORE.2.SM.B	1.587391243617027	1.184539509987673	1.1839434445325547	0.7671113754484791	2.5857161577273216
NFIC.H14CORE.1.PSM.A	3.2594574781398586	2.2882135222755484	1.6015350680640155	5.766517159411816	1.2011229577578617
IRX3.H14CORE.0.M.C	1.0283734177955395	1.160559524242416	1.074876881291602	1.3145067773115082	0.004556190413861723
ZN264.H14CORE.0.P.B	4.986978643432156	3.560165147308505	8.615415539904488	3.538058486181881	0.24860673203309283
ZBT41.H14CORE.0.PSG.A	3.1266235754972254	1.9595860775368852	5.845321932650375	1.0056232286119706	0.2899237173746554
ZN560.H14CORE.0.P.C	1.4022449909425028	1.2261437907235295	1.4996382080677162	0.8785676503703677	1.8278237309953145
Z780B.H14CORE.0.PSGI.A	0.6425874582821928	0.5060902428168802	0.1532826618157624	0.3680685887390438	1.1120149153056131
ZN662.H14CORE.0.P.C	3.682316813756807	2.8480635797265457	4.318248797070612	5.239878072066561	0.15088879949742176
FER3L.H14CORE.0.SM.B	4.408075150178827	3.306421700141124	7.400927300526446	3.389353083164596	0.7284520775570844
ZBED1.H14CORE.0.S.B	1.9714049841622803	1.2977017403070816	3.51231210687717	0.14851053917323626	1.226103145400919
HINFP.H14CORE.1.P.B	1.769239666690579	1.7030870671707985	2.8163219597803146	1.2633796350867796	0.30419229265103914
HNF6.H14CORE.0.PM.A	1.0097772295426182	0.47378536277245464	1.3557493811637233	0.1871509663242985	1.4074962786848488
SPDEF.H14CORE.0.PSM.A	2.4979610764406677	0.7572998957864513	4.629259019106168	1.5359502836127055	0.7723682319894747
ZN135.H14CORE.0.P.C	1.6826993329254525	0.5332204399898827	2.8792083447660417	1.535107862937334	0.6286392439751177
ZN284.H14CORE.0.P.C	1.2473045201120951	0.6198356381122029	0.08863903414749107	1.721482380996667	1.693375203207411
ZN569.H14CORE.0.SG.A	2.2995107640016497	1.4657859731543963	4.246338854940471	0.9659171310208389	0.19514333441074302
ZN350.H14CORE.0.P.B	0.6754678922996769	0.011897346919076074	0.7307249839471969	1.0992103574521286	0.28751266955160665
ZN575.H14CORE.0.PSG.A	1.31132942273028	0.715079525037818	0.5695816358267023	1.0114698847678958	2.240425433903303
ZNF23.H14CORE.0.P.C	0.841856939119543	0.7568719845525176	1.3728742502443045	0.5900619195343159	0.17052990032851814
DMRTA.H14CORE.0.SM.B	1.4021388633494296	0.2640009731722378	1.2921936526085567	2.443697827913474	0.3909648892580506
ZN787.H14CORE.0.M.C	1.8544886229127426	1.3345641362425795	1.1742741066748548	2.2557242824706942	2.3469637960930165
ZN626.H14CORE.0.P.C	1.151804395161536	0.9252936532551996	1.5179067775042974	1.295249179543834	0.6846412869502668
ZN383.H14CORE.0.P.C	0.7370443335917002	0.5303070308214067	0.19555323553626142	1.353837977745885	0.1435044036402677
ANDR.H14CORE.2.P.B	1.918711773240299	1.5196942973019232	3.229780033981613	1.3020629295531057	0.5380536937974306
ZN320.H14CORE.1.P.B	0.482952279444229	0.07788958399335436	0.3737469535482276	0.5947427173423777	0.658406519157027
ZN648.H14CORE.0.PSGI.A	1.0931218641241238	0.9102640291587185	1.3996833446116683	1.3096831580214696	0.526020529006367
ZN732.H14CORE.0.PSG.A	2.4227851302784003	1.5798289862388974	3.7410439324079747	0.9874508511526683	2.4521873167813313
IRF4.H14CORE.1.S.B	2.7033372635835136	0.33496898654409574	1.0802396551313094	3.3404523032216416	4.098095401299662
ZN850.H14CORE.0.PSG.A	1.3126767121363634	0.6068487150904285	2.4026479373961664	0.4927802056657972	0.7132081022840044
CEBPG.H14CORE.0.P.B	2.2566577121727724	1.710921841049348	1.3022690249930122	3.8941431803184563	0.7632213644669057
ZN329.H14CORE.1.P.C	0.5520244537545225	0.4624260554847226	0.5363280022623842	0.5172048403920989	0.6707738519389225
ZBT20.H14CORE.0.SM.B	1.810426328620034	1.3816434406955873	1.850017019005521	2.6326281747732305	0.9210544451906277
ZN250.H14CORE.1.M.C	2.3349090934046104	1.0164143624167437	0.8269555417031778	3.1241491872333356	3.214022422087752
GTD2A.H14CORE.0.PS.A	1.3294967280809262	0.46616949602589364	0.47967597021095487	1.4646382211512377	2.116052467598957
THB.H14CORE.0.P.B	2.650550628092562	1.6790912605218131	3.909027473921376	0.06352449453283233	3.1619291443498514
ZN157.H14CORE.0.P.B	0.6171159239446059	0.00602292361752536	0.10378721648869231	0.7116863981190288	1.0030068111239367
ZNF28.H14CORE.0.P.C	1.0803978965038465	0.5252569083427201	0.25557961295959236	2.041578220537741	0.39972624405131235
HEY1.H14CORE.0.S.B	3.0298037931493083	1.1852945021386099	3.114929069977718	1.2653160119650946	4.9000115634557675
ZN677.H14CORE.0.P.C	1.9782700438312957	1.0818495200803049	3.3769164272647663	1.116432343335655	1.3541880767480365
RBAK.H14CORE.0.P.C	1.6415546806416559	0.8254436997515381	0.9060296343208314	2.910134132410901	0.8987098585172635
ZSC29.H14CORE.1.M.C	0.8707117401931735	0.46959297441029135	1.0279694824488066	1.194536687284986	0.573061098234331
ZN613.H14CORE.0.P.C	0.0009244543976841666	0.0013780744008933174	0.0011467026635637693	0.0003772381251302556	0.00024927710989353243
TYY1.H14CORE.0.PSM.A	3.4932468908947136	1.7783000284727284	5.712384102539761	0.3042712576207216	3.5951121315687966
ZN154.H14CORE.0.P.C	2.2249867039330047	1.9665135629269475	2.34411734198236	3.067149311943872	1.016266068900647
ZFP41.H14CORE.0.SM.B	1.9263490762315907	1.0284349562796387	0.9423616164321965	3.038160356228358	1.9149780229582232
ZN226.H14CORE.0.PSGI.A	0.7985441737027149	1.0644162813636058	0.06721905115663314	1.1420016256612047	0.33018639513924297
ZN682.H14CORE.0.P.B	0.8914744997067732	0.398802304667223	0.3991210296691397	0.9937405824803943	1.3685926766972156
SNAI1.H14CORE.0.PSM.A	2.964969541436566	1.999998932796778	2.6506790636516953	4.910664054710853	0.15316931379139107
CR3L4.H14CORE.1.S.C	2.594323703833445	0.3055943586432723	3.897973095316154	3.083991472562222	1.4572152738729613
TBP.H14CORE.0.P.B	1.5301274937091507	0.7003458252825476	2.9435348464622644	0.4243845553612037	0.1737143340693092
RFX1.H14CORE.2.S.C	1.3815805351184471	0.5827498520675083	2.5991040230846965	0.721862211738915	0.1379671498449694
ZN821.H14CORE.0.SM.B	0.7476183205375175	0.7915410860237565	1.2077268488353414	0.3761197071962673	0.09552563221740994
PAX7.H14CORE.2.PM.A	1.9720356765724711	1.7418294389749183	1.8147940081589777	2.527952935234454	1.684549111604847
ZN449.H14CORE.1.S.C	3.208291053693356	2.5975554277638566	5.37177914915951	1.591171823698672	1.742811734138945
NPAS2.H14CORE.1.M.C	1.0346088434595617	0.16556437490277362	1.3563856923507338	1.1252419669119365	1.0715869741221933
ZN880.H14CORE.0.P.C	0.5262051545006062	0.40562997629152275	0.7318034830404452	0.2704123733990333	0.5782495926054259
ZN672.H14CORE.0.PSG.A	1.5003631936842996	0.3686127819790713	1.6791524214133435	2.454928036169575	0.14919434205810783
ZNF26.H14CORE.1.P.B	1.1627564958009264	0.9793634337227597	1.9417128404615922	0.3102148924472344	0.7631355741192328
ZN441.H14CORE.0.P.C	2.6378201141036066	1.4278504973654293	4.6447516390789385	0.35729163660846924	2.022930466510085
ZN530.H14CORE.0.P.B	0.6453746537387292	0.06768978428025135	0.21102322005850122	1.0020674474954623	0.782803870151203
ZN696.H14CORE.0.PSG.A	0.9696038505855405	0.6648116694747758	0.6035027591421362	1.6491317016261233	0.4844594955318204
ZIC1.H14CORE.1.M.B	1.931904253571254	0.10499828955368001	0.15772344175381237	2.252885368952418	3.1333085340162525
ZN611.H14CORE.0.P.C	1.3694091017085115	0.24618637826665465	0.9888280792870119	1.3292019824625858	2.167016044692675
ZNF74.H14CORE.0.P.C	0.20311129413310222	0.17257455527747848	0.2769581226392113	0.20136269623090425	0.134097266785192
ATMIN.H14CORE.0.P.B	2.8824526594699624	1.2086557379383056	2.072915561209645	5.218134871151636	0.49736725470908194
SP7.H14CORE.0.P.B	2.1320138005834344	0.8715092339554337	0.3084408702191115	3.4539315090761598	2.323278803508665
ZN768.H14CORE.0.P.B	4.977031881543336	3.5699542521046754	8.52479821648124	3.6014080013242205	0.83455845436441
ZN276.H14CORE.0.SM.B	2.9899964985077476	1.687385405512971	0.41109369525790473	5.192659463080673	2.4042330194500963
KLF16.H14CORE.0.SM.B	1.959143488464539	1.14914831009449	2.1917749198437386	2.260000503634097	2.03001266481187
NR6A1.H14CORE.2.SM.B	1.5847278917198215	1.2445342867432916	0.3470494377228273	2.6537241543977172	1.1549411986944436
NKX21.H14CORE.0.P.B	1.0583046314586178	1.1702561917938965	1.7279973355996707	0.022799232366567466	0.35219400988521116
ZN107.H14CORE.0.PSGI.A	1.236495603708053	0.11256264438475531	1.6385836940229885	1.8487247059857355	0.016601271228844923
ZNF12.H14CORE.1.M.C	3.2490309212269484	1.7425418114718227	1.2661631212386906	6.068150655847951	0.8733466161696619
ZNF8.H14CORE.1.P.B	2.302716562045054	1.498758362298574	3.8609864739523103	1.6784342406762913	1.1132742607233737
ZBT24.H14CORE.0.SG.A	0.262808192622534	0.17342618076237798	0.268160992189417	0.14294353896370604	0.3922407056907603
PF21A.H14CORE.0.B.B	3.3508733739487297	2.6603857138338434	5.038034977339011	3.2319609104399944	1.417176618167108
NFKB1.H14CORE.0.PS.A	0.6146467068678386	0.07655247576891781	0.6887749164074003	0.9180041870713719	0.43377349222257994
GFI1B.H14CORE.0.PSM.A	3.2522571288820363	2.1882981805174753	5.099222632511904	0.851364635545324	3.2852950558543688
ZN668.H14CORE.0.SG.A	2.2809937954461064	1.1269799590596672	4.369665849216604	0.041980991511872484	0.6677611203673216
ZBTB5.H14CORE.0.SGI.A	0.2065304599457585	0.11371202940952388	0.2817065107377107	0.09808488637837579	0.26212534173810625
ZBT44.H14CORE.0.P.C	2.396180201705635	0.4638619204029139	2.6795701940786243	3.8803193045018607	0.7173395465886366
ZFP82.H14CORE.0.P.C	3.012115873144251	1.3439605144049238	1.4534809330981955	4.230464991026638	3.80469412772284
FOSL2.H14CORE.0.P.B	4.560205211013812	3.1803332120332026	6.527455981572588	5.0790454973013	2.159393936187717
ZBT7A.H14CORE.0.P.B	4.192673495454587	2.5134426412834165	3.225004823479207	6.722022629571089	2.9000699824310785
ARNT.H14CORE.0.P.B	0.859210998416411	0.3789355599229019	0.9906280391035535	1.3374215602338375	0.19834731908537717
BARH2.H14CORE.0.SM.B	0.8346731475496416	0.0060595721022226445	1.0022266154702155	0.1566084576720877	1.325781255251532
ZN407.H14CORE.0.PSGI.A	3.1006340381646424	1.7276753305585217	3.3575217867189395	3.1127396311378805	3.809037036723518
ZN621.H14CORE.0.P.C	0.38407102151288347	0.2920463349088543	0.5323189068748475	0.1108650940103946	0.4572708703205773
ZN573.H14CORE.0.P.C	2.190222309963126	0.7798283337096263	3.934449049368142	1.397647366003619	1.0709133281520915
CMTA1.H14CORE.0.PSGI.A	1.215352387464834	0.6304270521452611	1.336558770076494	0.9879321482323145	1.6578564954211263
HXD10.H14CORE.0.SM.B	2.834968166937142	2.668131496604765	2.9979984009632994	3.6004672516293605	1.754392631305599
GLIS1.H14CORE.0.P.B	2.3239546053369935	1.0182076649897722	4.3000300992805105	1.2842566693053588	0.6532527338255144
ZN500.H14CORE.0.PSGI.A	2.6238800589578437	1.8366321557145386	4.503766666370759	1.9177733406148618	0.4516633798487192
CREM.H14CORE.1.P.C	0.7331979051827968	0.7940276489610424	0.6798479613581838	1.002607190382835	0.22895924653292452
ZN671.H14CORE.0.P.C	4.415694324103635	2.7344609947072147	8.353342809738203	0.19136833920637492	0.8373712353869759
ZN211.H14CORE.0.P.B	1.3166367400633	0.7738773311476052	2.368693452166559	0.80263692282882	0.2833873625429788
ZN714.H14CORE.0.P.C	2.7131909817262208	1.3604405502538466	4.759919505847961	0.9375452602654435	2.014695486992735
SOX10.H14CORE.1.PSM.A	1.594091237315076	0.21010232247206168	0.04045358644204175	1.6000443303949643	2.7492882994959973
ZN623.H14CORE.0.PG.A	2.142476069667007	1.7584029464629092	2.5408525830347823	2.9349349543760694	0.44616014963319683
ZN254.H14CORE.0.P.C	2.2151107267742023	1.3515653221414177	4.16770011131061	0.09681000735736853	0.6488735717551636
ZNF34.H14CORE.0.P.C	3.5849238297534143	2.9441085790788515	4.105553258097741	4.972428675698291	1.07625538100686
ZN778.H14CORE.1.P.B	1.1823532625262378	0.5407440728044909	2.0989658988441207	0.9303620170180927	0.16793293343499982
ZNF70.H14CORE.0.PSG.A	4.3855287831146	3.66987546685258	5.013708801979024	5.951856409966152	1.7034066490427162
KMT2A.H14CORE.0.P.B	1.7932293349449615	0.41307139887677113	1.15709715657412	2.6851690349681436	2.035448656722866
ZSCA1.H14CORE.0.SM.B	1.7438153734305843	0.7281084761402579	2.8623728191599214	1.4788207448243023	1.1195254897660378
MYNN.H14CORE.0.P.B	3.1885689977972906	2.5401008914475067	2.0961413571823004	5.326106764167924	1.2060491795603885
ATF1.H14CORE.1.P.B	1.280833173414001	0.25726524670924295	1.297213382226311	1.8669713858037122	1.152217145710779
CREB5.H14CORE.0.P.B	1.685934079444357	0.14562649213998222	0.3898583952554757	1.5928797215400885	2.942623392496866
SMAD3.H14CORE.1.P.B	3.7070917896965674	2.881359009794502	4.022556759582896	5.449917912372745	0.8861829776922527
ZN543.H14CORE.0.P.C	1.882504338590865	1.511967228132585	3.2670854101392983	0.8766135996635517	0.6685409187526454
ZN510.H14CORE.0.PSG.A	1.5318199438935076	1.48040880939641	1.5966540710568744	2.092089786505223	0.5178177494825547
TWST1.H14CORE.0.P.B	2.8172955783378315	2.0942503959247323	1.0208312236624735	5.085069014039241	0.6802275481854916
TBX1.H14CORE.0.S.B	0.8499513520120248	0.3812472241623647	0.15605658165653408	0.28789241769673357	1.623910113390262
RARA.H14CORE.1.P.B	2.901839104672834	2.028877956848135	2.1049878477149746	4.896596424409055	1.076431424330508
ZN430.H14CORE.0.P.C	2.347290964268597	0.28396883804634593	0.749416152356362	2.127893718546859	4.107177246713711
ZSA5C.H14CORE.0.P.C	1.7105430937244495	1.561181101498413	0.677711841795228	2.9071883494433255	0.596243935507403
NFAC4.H14CORE.1.SM.B	3.3367321262309333	2.7206541362872434	3.732663889135815	4.816601283813359	0.02717651740991341
ZN454.H14CORE.1.SM.B	1.6328793704645281	0.14893367701136853	0.37190143938747283	1.9748487577949432	2.5699534270145254
TBX21.H14CORE.0.PSM.A	3.163770252097352	1.8715831905312945	1.4801216512817958	5.835929878791917	0.5348902133857765
Z705E.H14CORE.0.P.B	0.82805749248941	0.5902299973680677	1.5240238747268358	0.21788526265151242	0.1556362273385312
ZBT40.H14CORE.0.PSG.A	1.2673353784942867	0.1345144314249031	0.43327426256677953	0.6153458473252459	2.41662670175769
ZN429.H14CORE.0.P.C	0.6582704631346658	0.4913777109040869	0.014458514032494199	1.2048649772752278	0.19979813231435828
ZN540.H14CORE.0.P.C	1.8920647946293785	1.1993399336344994	1.2941036542551663	2.28723256434947	2.444398371893586
SOX7.H14CORE.1.SM.B	0.1509563806240707	0.018077341309441008	0.07934810498887547	0.2436171348890168	0.15867922031192436
CPEB1.H14CORE.0.S.B	1.1764626797553697	0.5851161588466686	2.1126934096542778	0.4802187769422581	0.7069747599177251
ZN549.H14CORE.0.P.B	2.4056066048468154	1.580677756455704	1.605373078665781	4.117187273059587	1.0586673775213677
ZN823.H14CORE.0.P.C	3.0394946516647194	1.7935478015926143	2.349860628080223	4.3897956891020415	2.990843705367364
IRX2.H14CORE.0.S.B	4.193846558281853	3.231583249352143	7.000453096887665	2.8035111290647245	1.7447771512840737
GABPA.H14CORE.0.PSM.A	4.308713743582768	0.6887114991486482	0.9055151235251615	3.404386487599668	7.834279033300547
TBX19.H14CORE.0.PS.A	1.5617475640132925	1.627361650787139	1.0437167894238117	1.9345783534527838	1.5086343924821346
HIC1.H14CORE.0.PSM.A	0.42343369040360007	0.07855122014617223	0.5102833469610323	0.6446230256028234	0.18731291243719253
ZN746.H14CORE.0.PSG.A	0.9108952917662934	0.9986395143153293	1.1026247263084972	1.0423471581351837	0.13918033466213633
ZNF10.H14CORE.0.P.C	0.503741803066643	0.44421157093803404	0.5115239414734574	0.07404647364431904	0.7419970848409001
ZN267.H14CORE.0.P.C	2.247240024810905	1.4735277388875467	4.099099606326007	0.9335522525749634	0.5957596229248859
FEZF1.H14CORE.0.P.B	2.131733178837386	1.0000624016766457	0.19728494102807198	2.144265324251022	3.5412180739168746
ZN565.H14CORE.0.P.C	3.0446489274619077	2.16609523797537	5.181346972922778	2.35188331487789	0.09933884126140355
RFX4.H14CORE.0.SM.B	7.480886994748159	3.978524795108498	6.959981142247759	4.295036169022475	11.880124080741739
FOXE1.H14CORE.1.S.C	1.7862891822604048	1.0629346380643132	3.268027252059896	0.9764620920002438	0.0024059354978189598
IRF7.H14CORE.0.S.B	0.5400883652667655	0.06506116965726941	0.822568038971647	0.6712879772099795	0.18789115547201649
ZNF57.H14CORE.0.PSG.A	1.1310521918460295	0.11910877107310376	1.5471035267818227	1.511762195984788	0.6511336910211156
SCRT1.H14CORE.0.PSM.A	3.55188796061609	2.6102701686820784	2.058699216643501	6.2139106019278065	0.8939768186072797
ZN274.H14CORE.2.P.B	1.005735444737294	0.2207059515333639	1.2905477738799045	1.4320526862894614	0.5301090163223056
DUX4.H14CORE.0.P.B	2.1219142680030982	1.9163449363222214	2.77026119492211	2.1276247774751926	1.4617005323372623
PRD10.H14CORE.0.PSGI.A	2.121997816132653	1.7569576849873563	3.2322774346066363	2.1158604943909394	0.010750528328207713
ZN263.H14CORE.0.PM.A	2.0884171789662247	1.992946618981157	2.2968629765661386	2.845800824930245	0.3161442063404373
ZN516.H14CORE.0.S.C	0.6620900366267696	0.13878545094566191	0.23849999230361485	0.02502436000547585	1.2948679469679716
SP140.H14CORE.0.PSGIB.A	3.215997376088056	1.952092114932212	6.084047066591988	0.1095396225883173	0.7295650960792742
NFIC.H14CORE.0.PSM.A	1.8316646837161834	0.6467846616166696	3.3081907907929864	1.415352202648794	0.2330310922592016
ZN292.H14CORE.0.PSG.A	0.34008969015249924	0.31042889515571964	0.09237922760736018	0.597007982482478	0.03640655989460902
LRRF1.H14CORE.0.P.B	1.3131855720370744	0.18786572697259607	0.3707524288288237	1.835285781952617	1.832157359544892
ZN684.H14CORE.0.P.C	0.5298234422783967	0.14755038252752598	0.665701129984889	0.6829325836666684	0.43763626023229607
ZN616.H14CORE.0.P.C	1.2212864558132268	0.45887114710796756	1.4103257642718876	1.1533051116240363	1.560919042454135
ZSC21.H14CORE.0.P.C	2.610682099614579	1.8758866886930625	4.202465213146878	1.2063441481943897	2.1512120212995387
ZN728.H14CORE.0.PSG.A	1.100648388406838	0.6541746099087641	1.036704066772231	0.30234553932399766	1.8032179380623392
ZN460.H14CORE.0.S.C	0.8881868009332508	0.38518298222414765	0.5266511766614247	0.5735317606757216	1.549463488188871
HSFY1.H14CORE.1.S.B	2.124251517720804	0.8067489144414837	3.827538498669487	0.0035534610190482417	1.6579718469629565
CTCF.H14CORE.0.P.B	0.29216458680874824	0.06974967386802139	0.2174357812250652	0.4900539487211112	0.2216853051550848
COE1.H14CORE.0.P.B	3.1196715560240897	1.4010977533741622	5.925311480175508	0.4415085959961202	1.289217428487063
SP1.H14CORE.2.P.B	2.7949852638542843	0.5138682932109366	1.216857454069565	3.4256098001538655	4.215230161147552
ZN790.H14CORE.1.P.C	1.2148609136593047	0.8660180977360372	1.7561127447951461	0.32905842253712464	1.4004818437479207
SP5.H14CORE.1.P.B	4.21771840405247	1.6361414444568105	0.8539641626585343	7.515299008457719	3.3571805640495107
ZN765.H14CORE.0.P.C	4.37917991179403	1.9543284931220284	1.7920824236116062	6.627111885174824	5.075361621477802
ZN441.H14CORE.1.P.C	2.2705449703183427	1.6113335463926974	2.0770239945792066	0.793402539723321	3.6168474929313854
TAL1.H14CORE.1.P.B	2.6489711298329714	1.0037177809670246	5.0055964990536985	0.9266654101024393	1.0705315078529665
PRDM4.H14CORE.0.PSM.A	1.2993091361883562	0.7005138603170078	0.10818761017711083	2.46420227367428	0.42201878211350774
ZN316.H14CORE.0.P.C	1.3225542560010461	0.5737662012669702	0.889077181173174	2.1120402383877774	1.1900500762142987
NF2L2.H14CORE.1.P.B	0.7605688868083654	0.2996901436697614	0.26601574297043523	1.1876319854423858	0.8618653234449837
ZN425.H14CORE.0.P.C	2.6953280908820094	2.1877881326410837	4.77297113757313	0.9846011600056049	0.7225401250276327
HAND1.H14CORE.1.P.B	1.3251947987062367	0.34107446625815296	0.4177515338788426	2.1752336951326914	1.414947085243904
MRFL.H14CORE.0.PSG.A	1.8252929129860436	0.3819718890272422	3.364272325984528	0.9984436426772326	0.9304065551109041
ZN281.H14CORE.1.SM.B	1.5796687970994667	1.014229517475004	2.8373489253215802	0.22740353540116398	0.9222208130727968
TTF1.H14CORE.0.PS.A	1.1054922066812034	1.0422122516468086	0.41794773975372435	1.65096942053546	0.9496659191212224
ZN707.H14CORE.0.P.B	1.1163689584223244	0.5834573505475196	0.685277875091683	1.9701106363545062	0.5419911805929323
ZN563.H14CORE.0.P.C	1.339251062974942	0.5277834058525891	2.4898646065478385	0.8341065850487344	0.02566634105989698
ZN813.H14CORE.0.SG.A	0.47620488293296825	0.016578027566083342	0.26176109623001953	0.5081358258402348	0.7616355047638912
MYBB.H14CORE.1.S.B	1.1311932276151608	0.8095258446412772	0.12053930468401686	2.1056032705100542	0.12233365404133342
MYB.H14CORE.0.P.B	0.949507216931654	0.9687256600973991	0.6239303451727247	1.2221162694517766	0.8859848552904022
MTF1.H14CORE.0.SM.B	1.3365686498928888	0.6482719871970456	2.30723006681755	0.9462576369135275	0.7118232628100202
ZN121.H14CORE.0.P.B	2.265299483181662	2.389921060206983	2.451411968556312	2.8251715520725775	0.907518254235272
NANOG.H14CORE.1.P.B	1.6728837118458435	1.3724327079893188	1.7496053025911753	2.173539816692886	1.2349874759984851
ZN224.H14CORE.0.P.B	1.8272309354415819	1.3189494516688338	0.1676574034213545	3.3462476126492375	0.6244852436996758
NFYC.H14CORE.0.P.B	2.513050469544626	0.0953750668967528	3.333636531963402	2.032136453530394	3.1638399380373583
NR1D1.H14CORE.0.P.B	2.162199651880548	1.4017244031608094	4.044722533538446	0.09000789964123822	0.6063961086958208
Z518B.H14CORE.0.PSG.A	1.8528014070419168	1.6848653914571972	2.1731808950621194	2.4654975401411425	0.3022044098136135
ZN333.H14CORE.0.P.C	1.829305914984898	1.0875139814796984	3.455955706699482	0.18458578669706072	0.4743965674009724
ZN347.H14CORE.0.PSGI.A	2.387419980395512	1.0587763509836665	3.409265469643737	1.3809203198114048	2.854480218462088
ZN449.H14CORE.0.P.B	2.094965525090927	1.709283502360512	3.74281313505401	0.7807492347938624	0.1251102804415576
PATZ1.H14CORE.0.P.B	1.7748007152464838	0.9475959511117664	0.7576945181621932	2.7384318010872097	1.9048943584187363
HIC2.H14CORE.0.P.B	1.3515654833390833	0.7262537313850184	2.3786039755398387	0.3925054834968511	0.9836946241770128
SMAD4.H14CORE.1.P.B	3.118950727112691	2.3837338778536417	5.270216430256777	2.091850914999343	1.0383669293019187
ZN454.H14CORE.0.P.B	0.5953435576627321	0.10548136860203171	0.3173007643588153	0.8055866623021058	0.8105305928453175
ZN606.H14CORE.0.PSG.A	1.123272852771635	0.5537023745014349	0.8272918793099758	0.018645379580333177	2.0138574388010824
ZBT14.H14CORE.0.P.C	0.9173978459502937	0.43878405639361	0.8128922599771465	0.8457271548047232	1.340856269764541
ZNF7.H14CORE.0.P.B	2.421648706542711	1.4981471010151879	0.713538628337502	4.109945907852415	1.9525092460004245
ZN724.H14CORE.0.PSG.A	1.0572332026993225	1.0267356337167612	0.3369352134981842	1.7509396952754892	0.48730582125521377
AHR.H14CORE.0.P.B	0.9414854138575349	0.31475613848931133	1.1969335001000778	1.1370429290315927	0.8491120569081013
ZN148.H14CORE.0.P.B	0.9711757473150474	0.26212603452724925	1.741369041847846	0.7023918882876821	0.4222543855028173
ZN605.H14CORE.0.P.C	0.9331163220948766	0.24900919751535863	0.8588728514220155	0.9853609400518473	1.3085182248263076
ZNF14.H14CORE.0.P.C	3.8106733825836883	2.5447202111221827	5.486802923533604	1.4795092813573691	4.394925656562806
ZFP37.H14CORE.0.P.C	2.184434406810878	0.062162862518511185	3.0956962617238775	2.92518586602599	0.9711347967768766
IRF3.H14CORE.1.SM.B	1.5191063622838896	1.2823579801951024	2.7427998530732	0.22603467794987311	0.11068812357807871
ZN557.H14CORE.0.P.C	2.8054658531736676	1.8223030921055352	5.2358524746844255	0.06971351219173362	0.8618323174233472
ZN296.H14CORE.0.S.C	4.0725872207892735	3.0929921808537317	6.224843632947221	3.963523491114573	1.5228490843355023
ZN534.H14CORE.0.P.C	1.1300643105587398	0.09877578737836631	0.050690279150114224	0.6438372467372944	2.1636378678363917
PO4F1.H14CORE.1.SM.B	2.759057261946785	2.149098350642851	4.61593063952101	1.1920502913916946	1.7615801463440353
ZN337.H14CORE.0.P.C	1.5192948800560138	1.2768627716657792	1.4353402294114583	1.9065166019949509	1.3811741616256592
MYT1.H14CORE.0.SG.A	4.363236550873475	2.037995086047274	7.471620556687129	0.6903807967976016	3.9618391483077207
ZN831.H14CORE.0.PSGI.A	2.631350689382513	1.9202555521149354	3.1794021446284964	3.464869599418587	1.3764901301439387
ZFP1.H14CORE.0.PSM.A	1.5067560304832086	0.7708357730520558	0.9194391460981124	2.6511237884493903	0.7830973550673171
ZN614.H14CORE.0.P.C	2.1080211711085246	1.932208602883868	2.962549933234947	2.0517960179783405	1.0271387150752451
ZNF76.H14CORE.1.SM.B	2.2352949524059893	1.6567362005387103	3.967781288843931	1.2099115292475666	0.1849999841219995
MBNL2.H14CORE.0.B.B	1.9889163858393055	1.198850600893774	3.404401973020111	0.5503356019921691	1.578951781231355
ZNF41.H14CORE.0.P.C	1.4308662108365284	0.9274047677440562	2.6443015835299883	0.09412647989516378	0.5729242455540458
HSF1.H14CORE.2.P.B	2.460263786236525	0.3235563958155785	2.7989793563769587	3.663352571471779	1.6889243173869826
LHX6.H14CORE.0.P.B	1.8922070519081957	0.9737900264125285	3.530179371800687	0.9321802680758713	0.20590445441225855
ZN275.H14CORE.0.SG.A	2.6973032605757443	1.8204777725388548	0.24166226767316212	5.063953265500855	0.29260360720337836
ZNF48.H14CORE.0.PSG.A	1.5681611574522005	0.6175838364802273	2.8072756298671115	1.1880977358383231	0.4034044817992574
ZN317.H14CORE.1.P.B	2.7498207887277846	1.8430541436699241	5.056628773981827	1.1303657986078623	0.04458146986988104
ZN431.H14CORE.0.P.C	1.6537460597389042	0.903820313820578	3.1408155726637714	0.2245030316317001	0.45550948182666584
ZN771.H14CORE.0.SM.B	2.1094024411566425	1.5461427158322436	3.5187345199350744	1.5710863241568849	0.7469621660926281
GMEB1.H14CORE.2.SM.B	1.0618164793854747	0.29482947718505514	1.8996670703148597	0.7825790936333589	0.4491408544436744
SIX1.H14CORE.0.P.B	3.325049426713868	2.255156060408107	2.307579090160163	5.8081613467020174	0.2800471690585115
P63.H14CORE.1.PS.A	3.4833204413041283	2.3045169299704558	3.482097376079301	1.8551003707842557	5.25898159195543
Z780A.H14CORE.0.P.C	2.248175157984197	0.4597016755488072	2.6709425852519453	2.4288377305314497	2.640578254557359
S2A4R.H14CORE.0.PSG.A	2.313400808002921	0.9147395621236158	0.1375914595672612	1.4466529347111983	4.29637156262186
ZNF83.H14CORE.0.G.C	3.6142534877051435	2.8430038698217706	4.853012527342362	4.534320732731934	0.2384260722090896
TF7L1.H14CORE.0.PM.A	1.7183682189843474	0.20494122777555296	2.323816507564975	2.153086886979939	1.316529579425833
