motif	tau	std
AHR.H14CORE.0.P.B	1.597840973548187e-14	0.0005835962270012563
ALX1.H14CORE.0.SM.B	1.470222414106871e-18	0.00023310897324864134
ANDR.H14CORE.1.S.C	0.001665989148549808	0.00023543730442427652
ANDR.H14CORE.2.P.B	7.251027181548965e-05	0.0007146808482029628
AP2A.H14CORE.0.PSM.A	7.80677402903301e-05	0.0006408193935797974
ARNT.H14CORE.0.P.B	0.0021743216704303014	0.00037326673091037847
ARNT2.H14CORE.0.P.B	2.562905404338052e-17	0.00047685622053567387
ATF1.H14CORE.1.P.B	0.0018209379285809	0.0004528100697163478
ATMIN.H14CORE.0.P.B	3.258113344382264e-14	0.00028859956961907435
BARH2.H14CORE.0.SM.B	1.5653574397372956e-13	0.0005486906565348817
BARX1.H14CORE.0.P.C	1.8213897959662211e-16	0.00019138099799829674
BATF.H14CORE.0.P.B	0.0006937777544041245	0.0014525359933670462
BATF2.H14CORE.0.PSG.A	0.0010411272467703797	0.0006004843414764018
BCL6.H14CORE.0.PSM.A	0.0011732354960288652	0.0007347928952048185
CASZ1.H14CORE.0.SGI.A	0.00026472047455465585	0.00033101117296189327
CEBPG.H14CORE.0.P.B	0.0015465638383882424	0.0007422893057716631
CENPB.H14CORE.0.S.B	7.438426755600281e-06	0.0008138073243183899
CGBP1.H14CORE.0.PSGIB.A	0.0024821245594137662	0.0005702363454174658
CMTA1.H14CORE.0.PSGI.A	0.0013745826584672435	0.0002486891597979529
CMTA2.H14CORE.0.PSGI.A	0.002387572128173488	0.00036648526880839357
COE1.H14CORE.0.P.B	0.0004944609117242013	0.0008657292676823926
CPEB1.H14CORE.0.S.B	0.00107533734669217	0.00035853815251150125
CR3L4.H14CORE.1.S.C	0.002729188920519103	0.0017980978785229916
CREB5.H14CORE.0.P.B	0.0016054473727056082	0.0004854153271013054
CREM.H14CORE.1.P.C	8.417184307781803e-06	0.0002295868568356128
CTCF.H14CORE.0.P.B	2.9133140153810164e-17	0.0019029120261647523
CUX1.H14CORE.2.P.C	1.8025487376939128e-13	0.000617854120172124
CUX2.H14CORE.2.S.C	0.0007927586054002784	0.000274083781267725
CXXC4.H14CORE.0.PSGIB.A	0.002766649422517859	0.00044318201605966453
DACH1.H14CORE.0.S.B	0.0006236604464412251	0.0004726099198644258
DACH2.H14CORE.0.S.B	7.644212349355084e-15	0.0004636322467087268
DMRT1.H14CORE.0.PS.A	2.747799034966852e-16	0.00028404042381730834
DMRTA.H14CORE.0.SM.B	5.7390145524947935e-18	0.0015399479602058715
DPF1.H14CORE.0.SM.B	2.6515434980563605e-16	0.0003538714872469481
DUX4.H14CORE.0.P.B	5.270493910504796e-15	0.00025221829238762677
E2F1.H14CORE.0.P.B	0.00695017823359632	0.000535007645608279
E2F4.H14CORE.2.S.B	0.0012449557104833387	0.00019807448381266334
EGR1.H14CORE.0.PS.A	1.9107446162745555e-05	0.0003125919613015917
ELYS.H14CORE.0.B.B	0.005793903162164619	0.0003884487451417198
ERR1.H14CORE.0.PSM.A	1.5515700143923612e-15	0.0006284377026334728
ETV7.H14CORE.1.P.C	0.001727498528356413	0.00025044358143022774
F200B.H14CORE.0.PSGIB.A	1.4673896700782148e-15	0.0003224067191214714
FER3L.H14CORE.0.SM.B	9.177417320654804e-14	0.00022471064441489618
FEZF1.H14CORE.0.P.B	0.0003520996077012822	0.0004684255513075521
FIZ1.H14CORE.0.PSGI.A	8.556125943595228e-16	0.0005092682698223416
FOSB.H14CORE.1.M.C	0.0010641007116320234	0.00022102660116601018
FOSL2.H14CORE.0.P.B	5.156633066858297e-16	0.0012913117334484407
FOXB1.H14CORE.0.SM.B	6.624336748033873e-14	0.0005805870752903866
FOXD2.H14CORE.1.SM.B	1.178715640407094e-16	0.0005135567546763397
FOXE1.H14CORE.1.S.C	1.7237259364135153e-15	0.0003644595741516077
FOXH1.H14CORE.0.P.B	0.0012620958272001948	0.00030314139477682705
FOXJ2.H14CORE.1.SM.B	8.918697967874128e-17	0.00031987101849803486
FOXK1.H14CORE.0.PS.A	0.0008967915826932187	0.0006455611580080972
FOXR2.H14CORE.0.M.C	1.9952740099769238e-13	0.0003476479345794
FWCH1.H14CORE.0.PSGB.A	0.00044571613577876006	0.000837911045668282
GABPA.H14CORE.0.PSM.A	0.006041616423258607	0.0003359159895016037
GATA1.H14CORE.1.PSM.A	0.0006924195630551849	0.0005329360175612775
GCM1.H14CORE.0.S.B	0.0002120171810148011	0.0008075659711146766
GFI1B.H14CORE.0.PSM.A	0.001519347709201097	0.0002871850709569523
GLI2.H14CORE.0.PSM.A	8.571547240117625e-18	0.0009609931041382871
GLI3.H14CORE.1.M.C	5.8365994888109756e-05	0.000561850974343522
GLI4.H14CORE.0.P.C	4.736147683548327e-19	0.00021993816978538473
GLIS1.H14CORE.0.P.B	0.00029268996257573326	0.0003207967042631652
GLIS1.H14CORE.1.P.B	8.342569280732603e-16	0.0004210964000252983
GLIS3.H14CORE.1.S.C	0.00041995340506686317	0.0002592377740429044
GMEB1.H14CORE.2.SM.B	8.235462941705664e-17	0.0005416420308077883
GMEB2.H14CORE.0.P.C	0.0016061447719141972	0.0008594115394317856
GRHL1.H14CORE.0.PSM.A	0.00022171733594226372	0.00036382625761799414
GRHL1.H14CORE.1.PS.A	0.0005664241566338482	0.0015912671898250601
GRHL2.H14CORE.0.P.B	0.0001667638037078918	0.0012180459764594186
GTD2A.H14CORE.0.PS.A	0.0008063122683842729	0.0006121289983442933
HAND1.H14CORE.0.P.B	1.6735124129621794e-15	0.0003184906866824746
HAND1.H14CORE.1.P.B	0.0009226528332031139	0.0012264924539142025
HEY1.H14CORE.0.S.B	3.5478809564422195e-05	0.0011638513570222315
HIC1.H14CORE.0.PSM.A	0.004529735175900241	0.00035328118322802145
HIC2.H14CORE.0.P.B	0.0006475026021754043	0.0003857256957083889
HINFP.H14CORE.0.P.B	3.7808729845016254e-19	0.00044247250722812004
HINFP.H14CORE.1.P.B	0.0005284654615451491	0.0003535097854643982
HM20A.H14CORE.0.SB.A	0.0008122071768618278	0.00032894880200553254
HMBX1.H14CORE.0.PSM.A	0.000439746626730554	0.00022445518286567945
HMGA1.H14CORE.0.P.B	2.0466549962019132e-13	0.00029640779450992367
HMX1.H14CORE.0.SM.B	1.3188965232909373e-16	0.0007461291211552127
HNF1A.H14CORE.0.PS.A	0.0003680348224575382	0.0007199095960498712
HNF4A.H14CORE.0.PSM.A	1.2230010303994236e-14	0.00027710983719042375
HNF6.H14CORE.0.PM.A	6.717926201493016e-18	0.0005463695986797224
HOMEZ.H14CORE.0.S.B	0.0020060874553575274	0.0006193065026387196
HSF1.H14CORE.1.P.B	1.0789108125907863e-15	0.0002557356315207117
HSF1.H14CORE.2.P.B	0.0006375895143418905	0.0003157239609619492
HSF2.H14CORE.0.PSM.A	0.0029058754051062667	0.0003450171755495047
HSF5.H14CORE.1.S.C	0.0006746372306314195	0.0006120392772047782
HSFY1.H14CORE.1.S.B	1.5784493609150855e-13	0.0014669890863753057
HXD10.H14CORE.0.SM.B	8.947391642960956e-14	0.0003297657666684877
IRF3.H14CORE.1.SM.B	0.001528403948054555	0.0005078425398982007
IRF4.H14CORE.1.S.B	0.0025275425824414716	0.00023624543040751377
IRF7.H14CORE.0.S.B	0.0003216716815964108	0.0005561101417605533
IRF9.H14CORE.0.PSM.A	0.0032117133509736934	0.0010586134813620673
IRX2.H14CORE.0.S.B	0.0014302676487366358	0.00020195628490009477
IRX3.H14CORE.0.M.C	3.6472238624360274e-05	0.00047350706912248906
ITF2.H14CORE.0.S.B	2.5215835559574055e-16	0.00036829041077066045
JERKY.H14CORE.0.PSGB.A	0.0006003682292104227	0.00036380565584202254
KAISO.H14CORE.0.P.B	0.0009703771234639211	0.0003360532108104463
KLF10.H14CORE.1.PSM.A	2.326239915903545e-05	0.0008078592842081959
KLF16.H14CORE.0.SM.B	0.0011204456176845058	0.00028755659314642353
KLF16.H14CORE.1.P.B	0.002029254045480961	0.00045315108654294094
KLF3.H14CORE.1.M.C	8.531984254797936e-05	0.0002456345741897147
KMT2A.H14CORE.0.P.B	0.005075680750029706	0.00019761760830084397
KMT2B.H14CORE.0.P.B	0.0020164930595031904	0.0009816435056503924
LHX6.H14CORE.0.P.B	1.3570675516724096e-14	0.0004261477130729248
LHX8.H14CORE.1.M.C	1.4137079647313451e-14	0.0002883238008042147
LMX1B.H14CORE.0.P.C	2.2561765712696286e-17	0.00039466628817004724
LRRF1.H14CORE.0.P.B	0.0014138080763716687	0.0002993740937825634
MAFG.H14CORE.1.PSM.A	0.0006019277244608708	0.0005140910457869232
MBD1.H14CORE.0.PSIB.A	0.003651514530289837	0.00023537306767812004
MBD3.H14CORE.0.P.B	0.003660890981915717	0.0004730337611337156
MBNL2.H14CORE.0.B.B	3.1982874335001966e-16	0.00023786748780700402
MCR.H14CORE.0.S.B	0.0007359402608108351	0.0002420974709394912
MEF2A.H14CORE.0.P.B	0.0007173068783527009	0.00020828428602443364
MEF2D.H14CORE.1.M.C	0.0010135938190614178	0.0007711655002676704
MEIS2.H14CORE.0.P.C	0.0004932342637799491	0.00026130910648641543
MNX1.H14CORE.0.SM.B	1.1179675579039889e-17	0.0002100915769167457
MRFL.H14CORE.0.PSG.A	2.7348454089077294e-16	0.0002760438183908609
MSD1.H14CORE.0.PSGIB.A	3.652922221107305e-15	0.00035546850430477313
MSD4.H14CORE.0.SGIB.A	0.0006152424164330537	0.000398101568272603
MTF1.H14CORE.0.SM.B	1.3747341499760107e-15	0.0002228840704082012
MYB.H14CORE.0.P.B	0.00018289815719626495	0.0002799406955685121
MYBB.H14CORE.1.S.B	0.0003854947332022694	0.0018536016875671355
MYCN.H14CORE.1.M.C	0.0021158304971692016	0.0006520536273501755
MYNN.H14CORE.0.P.B	0.002231902384969702	0.0002519197464446061
MYOG.H14CORE.0.PSM.A	9.787865209132986e-18	0.0024189729234508897
MYPOP.H14CORE.0.PSGB.A	1.2518335573511737e-14	0.00042073762931017116
MYSM1.H14CORE.0.P.B	0.00039607249273007	0.00028784928966128347
MYT1.H14CORE.0.SG.A	0.0014223684270045992	0.00034025984697423384
NACC2.H14CORE.0.PSGIB.A	0.0011108382837898812	0.0013113716352529312
NANOG.H14CORE.0.P.B	6.512960886853927e-05	0.0002599485113716656
NANOG.H14CORE.1.P.B	0.0005575243071098601	0.000538286023829393
NANOG.H14CORE.2.M.C	1.7162734716727304e-16	0.001248465075346559
NF2L2.H14CORE.1.P.B	0.0006655312136766793	0.0005865699817352806
NFAC4.H14CORE.1.SM.B	1.4892781979592882e-15	0.0003247815185005955
NFIC.H14CORE.0.PSM.A	0.0018819815014957638	0.00044203346424429875
NFIC.H14CORE.1.PSM.A	0.0050563427341800546	0.0007324947374213505
NFKB1.H14CORE.0.PS.A	0.0006030417924412293	0.0004909727320358173
NFYC.H14CORE.0.P.B	0.0014604302001051742	0.0004911231936835487
NKX21.H14CORE.0.P.B	6.073342675749304e-15	0.0005112922750198862
NKX23.H14CORE.0.SM.B	0.00019788684779124355	0.0003024401674588472
NKX61.H14CORE.0.PS.A	0.0012204030597668051	0.00034037832415999953
NKX61.H14CORE.1.P.B	0.0034763799097139976	0.00034893158534087036
NPAS2.H14CORE.1.M.C	9.361152128388278e-16	0.0003479364624294361
NPAS4.H14CORE.0.P.B	1.4349549671228808e-10	0.0005938872897410886
NR1D1.H14CORE.0.P.B	4.8938184113482327e-14	0.00021275174890329158
NR1D1.H14CORE.1.SM.B	0.0012429190387557257	0.0004892539460730613
NR1H4.H14CORE.0.P.B	1.9649298079962784e-17	0.0004028454465439174
NR1I2.H14CORE.0.M.C	1.2255704884457795e-13	0.0002478928845775042
NR1I3.H14CORE.0.P.B	1.046264675690519e-12	0.00023441798180711413
NR1I3.H14CORE.2.M.C	7.095640777216751e-16	0.00026431364870879693
NR2C1.H14CORE.0.S.C	0.0006072467383093818	0.00030511905272476576
NR2E1.H14CORE.0.SM.B	0.0006487034147554271	0.00039642483104645364
NR2E1.H14CORE.1.S.B	1.0184717713524563e-15	0.0006925493222527109
NR6A1.H14CORE.2.SM.B	0.0006560370563366498	0.0013897261832200157
NRF1.H14CORE.0.PS.A	0.002692726090252284	0.00032115584808490254
OLIG1.H14CORE.0.S.B	0.0003117605953869838	0.00030398187805994907
ONEC2.H14CORE.3.P.B	7.276510348876184e-15	0.0004467609220930361
OSR1.H14CORE.0.SM.B	5.217463066966974e-17	0.0004680556182182102
OZF.H14CORE.0.P.B	7.655204767893358e-16	0.0003651007089734242
P63.H14CORE.1.PS.A	9.632947593980751e-14	0.00021373116769377986
P73.H14CORE.0.PS.A	1.2577422912969897e-16	0.0007472374144107817
PATZ1.H14CORE.0.P.B	7.627117371668224e-15	0.00024094514675487242
PAX7.H14CORE.0.P.B	0.0011733975637264068	0.0002690332317556695
PAX7.H14CORE.2.PM.A	5.087505996873331e-05	0.0002578990464673995
PAX8.H14CORE.0.PSM.A	4.514805108940382e-05	0.0002945432826654871
PF21A.H14CORE.0.B.B	0.0023478601167408577	0.000300266640098702
PIT1.H14CORE.0.SM.B	0.000913756704513135	0.0002409002669239609
PIT1.H14CORE.1.S.B	1.7417311373135103e-14	0.00038035289151366116
PITX2.H14CORE.0.SM.B	0.00030407500418810706	0.0007825513291123814
PKNX1.H14CORE.1.P.B	3.036724690362327e-18	0.0003314572666330183
PO2F2.H14CORE.0.PSM.A	0.0007384689103873736	0.0002816730181131741
PO2F2.H14CORE.1.M.C	1.3456406427272278e-13	0.0002685036459454127
PO3F2.H14CORE.0.P.B	1.027884331011643e-15	0.0003912684147004212
PO3F2.H14CORE.2.SM.B	0.000342454426677269	0.0004952113727317818
PO4F1.H14CORE.1.SM.B	0.0012446846545435327	0.0003904172187910202
POGK.H14CORE.0.SI.A	0.00024262184037389696	0.0010314235650270482
PRD10.H14CORE.0.PSGI.A	0.0013011308816454643	0.0002729947223854582
PRD14.H14CORE.0.P.B	0.00024375691633628187	0.0005102379589943872
PRD15.H14CORE.0.P.B	0.00023135939790145334	0.00024201808950376853
PRDM1.H14CORE.0.S.B	4.1101954738897795e-05	0.00039920832929693625
PRDM4.H14CORE.0.PSM.A	2.495746292473101e-15	0.0006582096997479077
PRDM5.H14CORE.0.PSGI.A	3.1177134331707924e-14	0.00046417707185571905
PRDM6.H14CORE.0.P.B	0.0022781797922969715	0.00024141487689662816
PRDM9.H14CORE.0.P.B	0.0003226796715167088	0.00038795083865476854
PROX1.H14CORE.0.SM.B	0.00014323080477604146	0.0006573462572985717
PURB.H14CORE.0.B.B	0.00010625697029585852	0.0005132315463971153
RARA.H14CORE.1.P.B	0.0005938418232833945	0.0003520042960723497
RARG.H14CORE.0.P.B	0.0007711196846679607	0.0006748529746242832
RBAK.H14CORE.0.P.C	0.0001364790055683975	0.00045409302117999887
REL.H14CORE.0.P.B	0.00033382000045387416	0.00024718269356483483
REST.H14CORE.0.P.B	0.007359394182374761	0.00040593939079891733
RFX1.H14CORE.2.S.C	0.002087028975731142	0.0006088144347327731
RFX3.H14CORE.2.S.B	2.3955955827618592e-05	0.0005946734864505198
RFX4.H14CORE.0.SM.B	0.009978893927804364	0.00044428344493444407
RLF.H14CORE.0.PSGI.A	2.83813801054167e-16	0.0004917535040783078
RUNX1.H14CORE.0.P.B	1.0061307416532642e-14	0.000362667196898701
RXRG.H14CORE.1.SM.B	0.0009879077985870148	0.0007873122878329454
RXRG.H14CORE.2.P.B	1.2688981080734524e-13	0.0003582106871825262
S2A4R.H14CORE.0.PSG.A	0.00021369817091491792	0.0002685962325242157
SALL3.H14CORE.0.PSG.A	2.3336263701180892e-14	0.0003105810677285512
SATB1.H14CORE.0.P.B	6.200276359914895e-14	0.0007337664121918119
SCRT1.H14CORE.0.PSM.A	0.0006949438931504145	0.0005677974500001996
SETBP.H14CORE.0.B.B	1.2553122766709974e-14	0.00027957848847962985
SIX1.H14CORE.0.P.B	0.004988432121973734	0.00023867276405685706
SIX6.H14CORE.0.SM.B	2.268910134447456e-15	0.00024719899720676715
SMAD3.H14CORE.1.P.B	0.00021332013883100477	0.00024075403262103386
SMAD4.H14CORE.1.P.B	0.0014932163144025477	0.0004398816312762259
SNAI1.H14CORE.0.PSM.A	0.004525181502263815	0.0002161773680631886
SOX10.H14CORE.1.PSM.A	0.0017161563892948296	0.000647621484921197
SOX10.H14CORE.2.S.C	4.754427542527514e-16	0.0007714893484510406
SOX2.H14CORE.3.S.B	1.452519581148317e-15	0.00037190739162365087
SOX30.H14CORE.0.P.C	0.0006037086655214012	0.00030663625266163835
SOX7.H14CORE.1.SM.B	1.0090332497957323e-15	0.00030878992405489365
SOX9.H14CORE.2.S.B	0.0009849307211532998	0.0006579693039610549
SP1.H14CORE.2.P.B	0.0020477680420427423	0.00030949143786694746
SP100.H14CORE.0.PSGI.A	0.001297128333454015	0.0004145260226251303
SP140.H14CORE.0.PSGIB.A	0.0012704765355662508	0.00022505598801376742
SP5.H14CORE.1.P.B	0.0006599980499786654	0.0003927440045387821
SP7.H14CORE.0.P.B	2.548832401035176e-15	0.00038980072689563243
SPDEF.H14CORE.0.PSM.A	2.1461201465796246e-12	0.00024208079648913193
SPI1.H14CORE.0.P.B	0.0005099255046094078	0.00030652602007424104
SRBP2.H14CORE.0.S.B	0.0005933258175130431	0.0003924118997181531
SRBP2.H14CORE.1.P.B	3.0160338527274086e-16	0.0006756364120146842
SRF.H14CORE.0.PSM.A	0.0006442759053075847	0.00020130856202188216
STA5A.H14CORE.0.P.B	3.4468877361096574e-18	0.0003451316721461756
STAT6.H14CORE.0.P.B	7.828495759859271e-18	0.0003652184326228665
STF1.H14CORE.0.PSM.A	1.0699040569831669e-15	0.0003633100875356343
SUH.H14CORE.0.P.B	0.0006706099193912567	0.0006023674451114592
TAL1.H14CORE.1.P.B	0.0015971847985779082	0.0002010519243472806
TBP.H14CORE.0.P.B	7.293611084133326e-16	0.0002639828331131711
TBX1.H14CORE.0.S.B	8.901317362891556e-05	0.00023033924246753572
TBX19.H14CORE.0.PS.A	0.0012901306669260554	0.00021974397283085667
TBX21.H14CORE.0.PSM.A	1.3555709331059482e-14	0.0004497953097650025
TBX5.H14CORE.1.P.B	3.1966189288333273e-13	0.0002682307028950212
TCF20.H14CORE.0.B.B	3.076611807743976e-13	0.00020462321849381868
TDIF1.H14CORE.0.PSG.A	0.0007301181166461388	0.0002633723640585514
TEAD1.H14CORE.0.PSM.A	0.00027604666131550687	0.0002561941316263698
TEAD1.H14CORE.2.S.C	0.00014675545851293485	0.0005612612259695897
TEF.H14CORE.0.SM.B	0.00020859215854565077	0.0006284452083398321
TERF1.H14CORE.0.PSGB.A	0.00041162352070626637	0.00021528721151189734
TET3.H14CORE.0.PSGIB.A	5.232113659445579e-14	0.0002254449053851433
TF2L1.H14CORE.0.PSM.A	6.147792602813462e-15	0.0015041521881181046
TF2LY.H14CORE.0.SM.B	0.0009605465341676123	0.0003107688013858428
TF7L1.H14CORE.0.PM.A	1.5329701248934264e-17	0.00048065569966932977
TF7L1.H14CORE.2.S.C	0.0022554521597209754	0.00034812130721898393
TFE2.H14CORE.0.PS.A	0.004760915102886125	0.00035215658972322084
THA.H14CORE.2.S.B	1.8874745642590465e-15	0.0003096479273046989
THAP1.H14CORE.0.P.B	1.0408759166880853e-16	0.0002744090112452777
THB.H14CORE.0.P.B	0.00033082818093615996	0.0012226348797956983
TIGD3.H14CORE.0.PSGIB.A	3.416005319808908e-16	0.00021831293531627985
TIGD4.H14CORE.0.SGI.A	6.319235605182986e-16	0.0004594526172600527
TIGD5.H14CORE.0.PSGI.A	2.0518670294845797e-15	0.0006095074693390471
TIGD7.H14CORE.0.SGIB.A	1.0858526894614307e-14	0.00033097727060759133
TSH2.H14CORE.0.SG.A	0.0004262063125223627	0.00021769730961757123
TTF1.H14CORE.0.PS.A	2.235231241451228e-16	0.00020885767426009167
TWST1.H14CORE.0.P.B	0.001110629870343381	0.0002981615884391984
TYY1.H14CORE.0.PSM.A	0.0012681128965241987	0.00035130212778488966
TZAP.H14CORE.0.P.B	9.214553493196714e-17	0.00048752995858784875
USF2.H14CORE.0.PSM.A	0.0007080731843084197	0.0002543007111020033
VDR.H14CORE.0.PS.A	3.248197632068043e-14	0.00026567105631119414
VEZF1.H14CORE.0.P.C	1.3996434627092945e-14	0.0004574536887179314
YBOX1.H14CORE.0.SM.B	2.2293030606800604e-15	0.00026453241634262335
Z280A.H14CORE.0.P.B	0.00011311277616285832	0.00022726586354883808
Z286B.H14CORE.0.PSG.A	1.7245433073640356e-16	0.0006641387802806
Z324A.H14CORE.0.P.B	2.8787164287378945e-16	0.0005015564498598333
Z354A.H14CORE.0.P.B	0.002255098833696592	0.0002829820396897739
Z518B.H14CORE.0.PSG.A	3.9688607434450355e-14	0.0004688654048362614
Z585A.H14CORE.0.P.C	5.152943379020973e-15	0.0003263945429809543
Z585B.H14CORE.0.P.C	0.00013345385040585398	0.00022208658749199808
Z587B.H14CORE.0.SG.A	5.320627870947778e-16	0.0002978997064292939
Z705E.H14CORE.0.P.B	3.6226828683021423e-16	0.00042303868820239734
Z705G.H14CORE.0.P.C	0.00017866557168479493	0.00033518380315116734
Z780A.H14CORE.0.P.C	0.00011476455302972705	0.00028886455718077087
Z780B.H14CORE.0.PSGI.A	0.0004724659670093347	0.0004960879601463127
ZBED1.H14CORE.0.S.B	5.422246660791089e-16	0.0003104214437721003
ZBED4.H14CORE.0.SGIB.A	0.0004685149332194256	0.00034052800991143955
ZBED5.H14CORE.0.PSGIB.A	3.547828335517761e-05	0.00021792189245120247
ZBT12.H14CORE.0.P.B	0.000852472038466844	0.00021707895706998703
ZBT14.H14CORE.0.P.C	0.0022028495205032505	0.0005362842287260545
ZBT14.H14CORE.1.S.B	1.4927597468100653e-15	0.00032706051105330433
ZBT16.H14CORE.0.P.B	0.0004941925255004711	0.00044697337906075547
ZBT20.H14CORE.0.SM.B	1.1362899890466684e-14	0.00023009329831732655
ZBT22.H14CORE.0.SM.B	0.00039008646742481884	0.00034253018976804775
ZBT24.H14CORE.0.SG.A	0.0003030299605752293	0.00041861146526468116
ZBT26.H14CORE.1.SM.B	8.316232778034243e-15	0.00045609574868652386
ZBT37.H14CORE.0.M.C	5.018733047337144e-15	0.0003534890577596244
ZBT40.H14CORE.0.PSG.A	7.378514836278035e-16	0.00031133195157258535
ZBT41.H14CORE.0.PSG.A	0.0004587060951872386	0.00035991872811436213
ZBT44.H14CORE.0.P.C	6.414458955432882e-16	0.0003903307072997865
ZBT47.H14CORE.0.PSG.A	0.00134679746418932	0.00024626234800319583
ZBT49.H14CORE.0.P.C	0.0005794583451723036	0.0005873299162993546
ZBT7A.H14CORE.0.P.B	0.0030600750250504164	0.00026843987515370784
ZBT7B.H14CORE.0.SM.B	0.0003066007439662023	0.00022752040536339472
ZBT8A.H14CORE.0.PSGI.A	0.001319948847707242	0.0007220706056138338
ZBT8B.H14CORE.0.PSGI.A	8.323899192073275e-16	0.0002541919038606295
ZBTB2.H14CORE.0.SM.B	0.00020852210574455124	0.00024671473891912514
ZBTB5.H14CORE.0.SGI.A	2.285810727484505e-16	0.0003624534064138786
ZBTB6.H14CORE.0.P.B	0.0008438828425890808	0.00019709489063987672
ZF64B.H14CORE.0.P.B	0.0019827021588383854	0.0002336057419402681
ZF64B.H14CORE.1.P.B	7.674716860383115e-14	0.0002728252571511091
ZF69B.H14CORE.0.P.C	0.0012007444708699005	0.000399560801713704
ZFAT.H14CORE.0.PSGI.A	1.796670362630341e-15	0.00035973092425251057
ZFP1.H14CORE.0.PSM.A	2.029241898561265e-18	0.00026807723504537707
ZFP14.H14CORE.0.P.C	1.557242282343497e-14	0.0002578098813347478
ZFP28.H14CORE.0.P.B	7.038270678557216e-15	0.0003346635168360337
ZFP3.H14CORE.0.P.C	0.00023057613142046955	0.0006149449060951559
ZFP37.H14CORE.0.P.C	0.000691380899875843	0.0002768361979191955
ZFP41.H14CORE.0.SM.B	4.589391786946911e-16	0.0002228089876719193
ZFP57.H14CORE.0.P.B	0.0018373764443701864	0.0003656483946940811
ZFP69.H14CORE.0.P.C	0.0013895373492382325	0.00026604471394732655
ZFP82.H14CORE.0.P.C	0.0005918928013308496	0.000231957059361467
ZFP90.H14CORE.0.P.C	2.9094500905887655e-15	0.00019716078542425386
ZFP90.H14CORE.1.P.C	7.853074216702544e-14	0.0002060052013545358
ZFP91.H14CORE.0.SGI.A	0.0021714834406498023	0.00021218330181166115
ZFTA.H14CORE.0.PSGIB.A	1.976241297513952e-14	0.00025532053866061813
ZFX.H14CORE.0.P.B	0.0007794785756187576	0.0004789320883658226
ZIC1.H14CORE.1.M.B	6.53807777101588e-15	0.0005530204406967779
ZIK1.H14CORE.0.P.C	0.00011214189847405772	0.00029680337225986795
ZIM3.H14CORE.0.P.B	2.002721493981569e-12	0.00028611752009523496
ZKSC1.H14CORE.0.P.B	3.769463939705395e-15	0.00030368136731718116
ZKSC4.H14CORE.0.SG.A	0.000941411530824775	0.0004917807463688281
ZKSC5.H14CORE.0.P.C	1.2626790771192361e-14	0.00031987820065009496
ZKSC8.H14CORE.0.P.B	0.0017258927246392032	0.0002890789866368551
ZKSC8.H14CORE.1.P.B	6.094738163885078e-14	0.00039026943244989317
ZN100.H14CORE.0.P.B	7.354718174979151e-18	0.00046543013013069406
ZN100.H14CORE.1.P.B	0.0005170846361438888	0.000375663111315595
ZN101.H14CORE.0.P.C	2.156128302298412e-14	0.0002073171292485901
ZN107.H14CORE.0.PSGI.A	2.2915553173859427e-15	0.00028247451179543075
ZN112.H14CORE.0.P.C	0.0010884399133238522	0.0002132605293618698
ZN121.H14CORE.0.P.B	3.6325890324440626e-15	0.0002852102659241201
ZN124.H14CORE.0.P.C	5.995332220755911e-15	0.00028072783597484733
ZN131.H14CORE.0.PSGI.A	2.3070037270265773e-15	0.0002762184954911614
ZN132.H14CORE.0.P.C	0.0010077550565845083	0.00041367631942458924
ZN133.H14CORE.0.P.B	3.630211167255006e-15	0.00038878166833443255
ZN134.H14CORE.0.P.C	0.0007870210050347314	0.0004173627847370018
ZN135.H14CORE.0.P.C	0.0024572175437389027	0.0004650202931986843
ZN136.H14CORE.0.P.B	0.0006606847358221273	0.000286003924549428
ZN140.H14CORE.0.P.B	0.00033341722775047155	0.00021787907931637555
ZN141.H14CORE.0.P.C	0.00036037536253393117	0.0004004301182828669
ZN142.H14CORE.0.PSGI.A	0.002284883700397551	0.0004014892345307544
ZN143.H14CORE.0.P.B	0.0016719195763654402	0.00021242251268929885
ZN148.H14CORE.0.P.B	2.6115577429941183e-05	0.0003358911515969368
ZN154.H14CORE.0.P.C	0.00023214746229255692	0.00021704848199378783
ZN157.H14CORE.0.P.B	0.00024506241531709223	0.000255054210385787
ZN160.H14CORE.0.SG.A	7.144605646713927e-05	0.0005635381532791453
ZN165.H14CORE.0.P.C	0.0009186682821460702	0.00030792110137542965
ZN174.H14CORE.0.M.C	0.0001403158160167042	0.0004428056995771154
ZN177.H14CORE.0.SM.B	2.021158808074877e-15	0.00023975647644175545
ZN180.H14CORE.0.P.C	0.0015492623061387804	0.00038851054669997967
ZN184.H14CORE.0.P.B	0.002451387659346083	0.0002481247557733128
ZN189.H14CORE.0.P.B	0.0007623702075504654	0.0003169892563265503
ZN197.H14CORE.0.P.C	2.8737506397646273e-15	0.0009974674717799544
ZN205.H14CORE.0.P.C	0.0003456573381787572	0.0003449413633152451
ZN208.H14CORE.0.SGI.A	0.0005667887754925352	0.0003738447612420801
ZN211.H14CORE.0.P.B	0.0019183007466865296	0.00041369191187612544
ZN213.H14CORE.0.P.C	2.5099169603866944e-16	0.0002526302190379178
ZN214.H14CORE.0.P.B	0.0005226436744915508	0.0005340163845969317
ZN215.H14CORE.0.PSG.A	0.0008112959142876756	0.00023332360383130393
ZN222.H14CORE.0.P.C	1.046929362528348e-15	0.0002466973317495062
ZN224.H14CORE.0.P.B	5.9179098199963956e-18	0.00038059615509535065
ZN226.H14CORE.0.PSGI.A	2.6491965958830402e-15	0.00019540536752396442
ZN229.H14CORE.0.SG.A	8.14904908350913e-14	0.00019819271077052087
ZN233.H14CORE.0.PG.A	2.3853617786553983e-05	0.00044034770290324717
ZN239.H14CORE.0.P.C	0.0006381433473906477	0.0003448768832295369
ZN248.H14CORE.0.P.B	0.0007741623122137633	0.00040955255316025993
ZN250.H14CORE.0.P.C	0.00012221770091539223	0.0003552596899981123
ZN250.H14CORE.1.M.C	0.0005431420560212966	0.0003269872768660516
ZN251.H14CORE.0.PSGI.A	0.000902348675821635	0.0003474215407635217
ZN254.H14CORE.0.P.C	1.474419974440366e-15	0.00043421137387824796
ZN257.H14CORE.0.P.B	3.3050338803918533e-15	0.0008264818639334691
ZN263.H14CORE.0.PM.A	0.0016333280311047833	0.0003018407320514167
ZN264.H14CORE.0.P.B	3.08434590871462e-15	0.0006331072026461154
ZN266.H14CORE.0.P.B	6.415509953612706e-05	0.0006086933103148789
ZN267.H14CORE.0.P.C	5.229737997265334e-15	0.0004264528690241319
ZN273.H14CORE.0.P.C	2.778190233836085e-12	0.0002739573501752908