	mean	std
AHR.H14CORE.0.P.B	0.02015782707515712	0.0023224927422081736
ALX1.H14CORE.0.SM.B	0.0026026678592596126	0.002153981984583648
ANDR.H14CORE.1.S.C	0.01632150209724991	0.003261698117957779
ANDR.H14CORE.2.P.B	-0.03665835349976565	0.002150702365513004
AP2A.H14CORE.0.PSM.A	0.04442377516044745	0.002079342326171555
ARNT.H14CORE.0.P.B	-0.018068808782056276	0.0036525571338474694
ARNT2.H14CORE.0.P.B	-0.021172357903705856	0.0020953229215644764
ATF1.H14CORE.1.P.B	0.07222618361574806	0.00345813145213942
ATMIN.H14CORE.0.P.B	0.016106253364879933	0.0029755645871543273
BARH2.H14CORE.0.SM.B	-0.0023824961571573527	0.0024101230239836425
BARX1.H14CORE.0.P.C	0.017221128533903313	0.00229645291030498
BATF.H14CORE.0.P.B	0.0014457833455478516	0.0026174268264851567
BATF2.H14CORE.0.PSG.A	0.021619352881267928	0.003069782391308384
BCL6.H14CORE.0.PSM.A	0.0129974359906895	0.00286596635160795
CASZ1.H14CORE.0.SGI.A	0.05109416195435211	0.002314416160163888
CEBPG.H14CORE.0.P.B	-0.024780631171818147	0.0031573318021596844
CENPB.H14CORE.0.S.B	-0.0019876370782625358	0.001883450204040219
CGBP1.H14CORE.0.PSGIB.A	-0.13487101885390143	0.006154519439846904
CMTA1.H14CORE.0.PSGI.A	0.02757333638873697	0.0033593716284939148
CMTA2.H14CORE.0.PSGI.A	0.03745659691673086	0.003641999933598258
COE1.H14CORE.0.P.B	-0.02855990868360643	0.0024750285694263813
CPEB1.H14CORE.0.S.B	-0.007834540372301392	0.004057482303124029
CR3L4.H14CORE.1.S.C	-0.034699332481293255	0.0038205093380423816
CREB5.H14CORE.0.P.B	-0.01278880902706046	0.0032172949447906705
CREM.H14CORE.1.P.C	0.0003832996129122905	0.0023175382801205583
CTCF.H14CORE.0.P.B	-0.013462312625627852	0.0019372259787222173
CUX1.H14CORE.2.P.C	-0.026575568300117695	0.0019035062228553203
CUX2.H14CORE.2.S.C	0.05736052114802785	0.0025830496426864796
CXXC4.H14CORE.0.PSGIB.A	0.025172706863189905	0.004130017693470751
DACH1.H14CORE.0.S.B	0.0070371271089904285	0.002601846274629375
DACH2.H14CORE.0.S.B	-0.052363334267548016	0.002018710684847102
DMRT1.H14CORE.0.PS.A	-0.011626670771378508	0.0019829240654273567
DMRTA.H14CORE.0.SM.B	0.02505620014888056	0.002141224136351886
DPF1.H14CORE.0.SM.B	0.02060575470664963	0.0018808313202224004
DUX4.H14CORE.0.P.B	0.029399182155903925	0.002067687463450026
E2F1.H14CORE.0.P.B	0.1514440052941482	0.0056238205407423796
E2F4.H14CORE.2.S.B	0.0519125845348867	0.0029882921231507743
EGR1.H14CORE.0.PS.A	0.00559365924333252	0.002097421737384531
ELYS.H14CORE.0.B.B	-0.03339045496496301	0.00685016271521011
ERR1.H14CORE.0.PSM.A	-0.012308508585763493	0.002412899327139351
ETV7.H14CORE.1.P.C	0.012652743122004206	0.003458310079451379
F200B.H14CORE.0.PSGIB.A	0.021999221361912916	0.0019889411474766265
FER3L.H14CORE.0.SM.B	0.011984753557486155	0.0020011883426994197
FEZF1.H14CORE.0.P.B	0.013181399974823966	0.002261417482223263
FIZ1.H14CORE.0.PSGI.A	-0.017180378265661222	0.0020630585194700984
FOSB.H14CORE.1.M.C	0.010077074117095542	0.0028547787263431845
FOSL2.H14CORE.0.P.B	0.01447363693124755	0.0019284826097662093
FOXB1.H14CORE.0.SM.B	-0.023213713647130107	0.0020790599397224833
FOXD2.H14CORE.1.SM.B	-0.007922782135956551	0.002262784317411852
FOXE1.H14CORE.1.S.C	-0.01648379011254151	0.002482765338677171
FOXH1.H14CORE.0.P.B	-0.013342934604179055	0.0028893688282647786
FOXJ2.H14CORE.1.SM.B	-0.03612127009425904	0.002069514437724682
FOXK1.H14CORE.0.PS.A	0.00847548510250751	0.00292960950310454
FOXR2.H14CORE.0.M.C	-0.010450714161108446	0.0022633827525900337
FWCH1.H14CORE.0.PSGB.A	0.06912135274471334	0.0022665721496519355
GABPA.H14CORE.0.PSM.A	0.18200170534778273	0.005220897848993437
GATA1.H14CORE.1.PSM.A	0.0036206523516026505	0.0025230995677436754
GCM1.H14CORE.0.S.B	-0.04019220475655281	0.0021544885462148693
GFI1B.H14CORE.0.PSM.A	-0.022268257322412423	0.0030773217765885357
GLI2.H14CORE.0.PSM.A	-0.004929861091362883	0.0020036139759404387
GLI3.H14CORE.1.M.C	0.016483369927080358	0.0019415071852582377
GLI4.H14CORE.0.P.C	0.020119257078409974	0.002006522853017124
GLIS1.H14CORE.0.P.B	-0.028434612226067534	0.002477415755169167
GLIS1.H14CORE.1.P.B	-0.021136655373244502	0.0024124792900398692
GLIS3.H14CORE.1.S.C	-0.0171015036012396	0.0027653524703782294
GMEB1.H14CORE.2.SM.B	0.022374491991009243	0.002270236873548447
GMEB2.H14CORE.0.P.C	0.02750435324051885	0.003407614097157533
GRHL1.H14CORE.0.PSM.A	-0.002056251106854267	0.0022290989570665025
GRHL1.H14CORE.1.PS.A	0.016487934946781836	0.0024919150903986624
GRHL2.H14CORE.0.P.B	0.06628172337266273	0.002049988189602669
GTD2A.H14CORE.0.PS.A	0.0701518638079279	0.002945717412060136
HAND1.H14CORE.0.P.B	-0.04643973501571145	0.0020323870006294224
HAND1.H14CORE.1.P.B	0.024035239398137224	0.003168810520307786
HEY1.H14CORE.0.S.B	0.008443734873996259	0.0020954002924849463
HIC1.H14CORE.0.PSM.A	-0.014304253081341752	0.004817259628970017
HIC2.H14CORE.0.P.B	-0.05614192451867444	0.003511506878791047
HINFP.H14CORE.0.P.B	0.013190679405183701	0.00201349276718794
HINFP.H14CORE.1.P.B	-0.00453302927557505	0.0031967269356119707
HM20A.H14CORE.0.SB.A	0.009533105463157497	0.0025558826569894227
HMBX1.H14CORE.0.PSM.A	0.040130726111592054	0.0024165380061861585
HMGA1.H14CORE.0.P.B	-0.012960046448099467	0.0026595063310003633
HMX1.H14CORE.0.SM.B	0.04073233908552835	0.002287168395643202
HNF1A.H14CORE.0.PS.A	-0.051641861180912435	0.002467315392402977
HNF4A.H14CORE.0.PSM.A	0.011183428309249	0.0018908487901826837
HNF6.H14CORE.0.PM.A	-0.024295484255614605	0.002179725269161585
HOMEZ.H14CORE.0.S.B	0.02489757433920476	0.003374741400829485
HSF1.H14CORE.1.P.B	-0.00907111267222285	0.0019385901242649532
HSF1.H14CORE.2.P.B	-0.01373994220297803	0.0026312908197844097
HSF2.H14CORE.0.PSM.A	-0.023649276100937963	0.003891361827190365
HSF5.H14CORE.1.S.C	0.033589527042447054	0.002474216563281217
HSFY1.H14CORE.1.S.B	0.014182582785462125	0.0019174065405078177
HXD10.H14CORE.0.SM.B	0.006497460139239686	0.0020686630085509907
IRF3.H14CORE.1.SM.B	-0.003228891921349836	0.0030843702430098613
IRF4.H14CORE.1.S.B	0.04604372935350931	0.0038648522967148703
IRF7.H14CORE.0.S.B	0.02226113973178144	0.0023040283971231743
IRF9.H14CORE.0.PSM.A	-0.030729866034636608	0.0041818169524970045
IRX2.H14CORE.0.S.B	0.04381828779364244	0.0032661753943266122
IRX3.H14CORE.0.M.C	0.033302809779281725	0.0020813647451797734
ITF2.H14CORE.0.S.B	0.000285193463671278	0.0020929078637710987
JERKY.H14CORE.0.PSGB.A	0.0019530506757483648	0.002393445526015627
KAISO.H14CORE.0.P.B	0.12402173382699658	0.002757282337971756
KLF10.H14CORE.1.PSM.A	-0.002873913386645343	0.0022583585838840134
KLF16.H14CORE.0.SM.B	-0.04158112337183621	0.003278822937921815
KLF16.H14CORE.1.P.B	0.07762070634356319	0.004484150423479818
KLF3.H14CORE.1.M.C	-0.01135266173531025	0.0027507830813837896
KMT2A.H14CORE.0.P.B	0.12333684066522607	0.0055762334993693765
KMT2B.H14CORE.0.P.B	0.09621376595093757	0.005731143551313502
LHX6.H14CORE.0.P.B	-0.022401062115860383	0.0020946972221771855
LHX8.H14CORE.1.M.C	0.0070066500181562436	0.0022004031897243695
LMX1B.H14CORE.0.P.C	-0.0010820296547988228	0.002802741118649338
LRRF1.H14CORE.0.P.B	-0.0028514634515420818	0.0033408167055968513
MAFG.H14CORE.1.PSM.A	-0.00015349768316617928	0.0023936395975579666
MBD1.H14CORE.0.PSIB.A	-0.1977835887600646	0.004931955622987962
MBD3.H14CORE.0.P.B	-0.016701611474501506	0.004672798635749413
MBNL2.H14CORE.0.B.B	0.039384837322455804	0.0020081943363620823
MCR.H14CORE.0.S.B	-0.017792526786638344	0.0025124026080819008
MEF2A.H14CORE.0.P.B	-0.025806843529459306	0.002646787137828501
MEF2D.H14CORE.1.M.C	-0.01217852577216771	0.0028546695015818496
MEIS2.H14CORE.0.P.C	-0.03752059642794811	0.0025553726042851703
MNX1.H14CORE.0.SM.B	-0.009318107049004695	0.002198250936557199
MRFL.H14CORE.0.PSG.A	0.04069903646634623	0.002079766325922009
MSD1.H14CORE.0.PSGIB.A	0.04522194211365404	0.0023595170504041533
MSD4.H14CORE.0.SGIB.A	0.001912690707166046	0.0024273619939156944
MTF1.H14CORE.0.SM.B	-0.021816619606590388	0.0018595540667226095
MYB.H14CORE.0.P.B	0.024429746407083786	0.0020681467683006474
MYBB.H14CORE.1.S.B	0.04156692342949863	0.0024026297888055477
MYCN.H14CORE.1.M.C	-0.060125335991682016	0.003709007220185191
MYNN.H14CORE.0.P.B	-0.006363383418104706	0.003564327858920389
MYOG.H14CORE.0.PSM.A	0.00927177310889225	0.0020022008152167947
MYPOP.H14CORE.0.PSGB.A	-0.004315801711127554	0.0021246614339342387
MYSM1.H14CORE.0.P.B	0.05933460503658933	0.0022391382863632984
MYT1.H14CORE.0.SG.A	-0.004169379807877982	0.0031269191409916924
NACC2.H14CORE.0.PSGIB.A	-0.12629236152714352	0.0036794110555415753
NANOG.H14CORE.0.P.B	-0.018528705131700095	0.00217898154930025
NANOG.H14CORE.1.P.B	-0.0019936648852394937	0.002410144483574137
NANOG.H14CORE.2.M.C	0.06631773053566072	0.002421824527784029
NF2L2.H14CORE.1.P.B	0.05040693896333964	0.002528532959899649
NFAC4.H14CORE.1.SM.B	-0.016325825126281113	0.0019197485278671389
NFIC.H14CORE.0.PSM.A	0.002305324394928995	0.003282344356464319
NFIC.H14CORE.1.PSM.A	-0.05539094793803859	0.00520592430190898
NFKB1.H14CORE.0.PS.A	-0.002556096522871327	0.0024860700158553695
NFYC.H14CORE.0.P.B	0.1297683080395214	0.0030568776072490604
NKX21.H14CORE.0.P.B	-0.056533717349803024	0.0019507848163611038
NKX23.H14CORE.0.SM.B	-0.01586386859891934	0.0025533945619401165
NKX61.H14CORE.0.PS.A	-0.010240737048382824	0.0031925016223128986
NKX61.H14CORE.1.P.B	-0.0408429153125098	0.004573559953274273
NPAS2.H14CORE.1.M.C	-0.016912739516820256	0.0019452523034139753
NPAS4.H14CORE.0.P.B	-0.009808331323033465	0.001997144536218
NR1D1.H14CORE.0.P.B	-0.031528173774950354	0.001966290530615833
NR1D1.H14CORE.1.SM.B	0.05346004540403048	0.002975053934945278
NR1H4.H14CORE.0.P.B	-0.0054782729396931	0.0020969155561573684
NR1I2.H14CORE.0.M.C	0.015683992018220398	0.0018920204315447853
NR1I3.H14CORE.0.P.B	-0.056379422902800846	0.002050931440422125
NR1I3.H14CORE.2.M.C	0.01712408357879791	0.001898218655250425
NR2C1.H14CORE.0.S.C	-0.0651195119940223	0.002795307724938977
NR2E1.H14CORE.0.SM.B	-0.02686248183433139	0.0025857493042796297
NR2E1.H14CORE.1.S.B	0.014572678711421616	0.0019325743819590998
NR6A1.H14CORE.2.SM.B	-0.005946892451116817	0.002524162284321738
NRF1.H14CORE.0.PS.A	0.18487358478205923	0.0038002293719979277
OLIG1.H14CORE.0.S.B	-0.014277945729912997	0.002292918171444757
ONEC2.H14CORE.3.P.B	0.039673621431732226	0.0026714820627073733
OSR1.H14CORE.0.SM.B	0.01591175598989443	0.001823235535331775
OZF.H14CORE.0.P.B	-0.008357109426232518	0.002399372367693115
P63.H14CORE.1.PS.A	0.0050276763565413355	0.0018767261748956782
P73.H14CORE.0.PS.A	0.04185765664019325	0.00191073034210853
PATZ1.H14CORE.0.P.B	-0.05707161060704109	0.0035194726385181906
PAX7.H14CORE.0.P.B	-0.012299442532108976	0.0028554230003112785
PAX7.H14CORE.2.PM.A	-0.0073104859306981455	0.0022484784421465975
PAX8.H14CORE.0.PSM.A	-0.010712396482090235	0.001911696190260266
PF21A.H14CORE.0.B.B	0.007083363028712552	0.0044380079917078165
PIT1.H14CORE.0.SM.B	-0.014153346664495494	0.002776520019481519
PIT1.H14CORE.1.S.B	-0.05170218901388522	0.0026233848708173864
PITX2.H14CORE.0.SM.B	-0.005491074602622132	0.002339149931114129
PKNX1.H14CORE.1.P.B	-0.0008729268808390757	0.0018848831959710158
PO2F2.H14CORE.0.PSM.A	-0.029419017182491278	0.002834707540199171
PO2F2.H14CORE.1.M.C	-0.005733941730954414	0.002193697651392564
PO3F2.H14CORE.0.P.B	0.03038196284954657	0.002220385694104043
PO3F2.H14CORE.2.SM.B	0.008735420364112987	0.002382578917686521
PO4F1.H14CORE.1.SM.B	-0.01741555102650868	0.003236101645725826
POGK.H14CORE.0.SI.A	-0.0036557843064743793	0.002062894410553799
PRD10.H14CORE.0.PSGI.A	0.03254546882502803	0.0028965961796532636
PRD14.H14CORE.0.P.B	0.03838943667077954	0.002087074954991311
PRD15.H14CORE.0.P.B	0.02075605823672755	0.002098553810263187
PRDM1.H14CORE.0.S.B	0.0014579535989030952	0.001962337232598411
PRDM4.H14CORE.0.PSM.A	0.019158052081056302	0.0018341964878048338
PRDM5.H14CORE.0.PSGI.A	-0.004837435092452637	0.002014209544267423
PRDM6.H14CORE.0.P.B	-0.035097372979511265	0.0039858276689699905
PRDM9.H14CORE.0.P.B	0.012153421940950053	0.0022116313857820395
PROX1.H14CORE.0.SM.B	0.0016690455932491	0.0019540132804917523
PURB.H14CORE.0.B.B	0.057702201841752995	0.002366700208773347
RARA.H14CORE.1.P.B	-0.0016497772892714539	0.0025514873627349595
RARG.H14CORE.0.P.B	-0.02131862582049084	0.002693328684221657
RBAK.H14CORE.0.P.C	0.03346801963532204	0.0020202106570574073
REL.H14CORE.0.P.B	-0.006079043393813393	0.002313117426516221
REST.H14CORE.0.P.B	-0.010516790314137565	0.005682957269605664
RFX1.H14CORE.2.S.C	0.015716199991789165	0.0033941275235691176
RFX3.H14CORE.2.S.B	-0.005150903287379348	0.0023564490961156025
RFX4.H14CORE.0.SM.B	0.018246760040083132	0.0064835884048906256
RLF.H14CORE.0.PSGI.A	0.004095008939023301	0.0018756971253386047
RUNX1.H14CORE.0.P.B	-0.015162500706592611	0.0018025605749489406
RXRG.H14CORE.1.SM.B	0.03971025847037761	0.002823237220745359
RXRG.H14CORE.2.P.B	-0.01180778263953261	0.0021303846332740247
S2A4R.H14CORE.0.PSG.A	0.03592645071432523	0.0023202349966490792
SALL3.H14CORE.0.PSG.A	-0.008580042082836088	0.0023657756385739213
SATB1.H14CORE.0.P.B	-0.0009482369242913608	0.0023542946362014342
SCRT1.H14CORE.0.PSM.A	0.027713324694529348	0.0024657996912711513
SETBP.H14CORE.0.B.B	0.018602202414282957	0.00240411150925578
SIX1.H14CORE.0.P.B	-0.004195220983780965	0.0047813160479641525
SIX6.H14CORE.0.SM.B	0.0581170043014031	0.002061262780222322
SMAD3.H14CORE.1.P.B	-0.04279526956338251	0.002191784310049748
SMAD4.H14CORE.1.P.B	-0.03984989638541783	0.0031067285373341377
SNAI1.H14CORE.0.PSM.A	-0.026989228709253694	0.004713674052363331
SOX10.H14CORE.1.PSM.A	0.0467050220440622	0.0032550410448744546
SOX10.H14CORE.2.S.C	0.02758749808083218	0.0018283275692749898
SOX2.H14CORE.3.S.B	-0.003413075354781396	0.0020990073230100605
SOX30.H14CORE.0.P.C	-0.009425991117501729	0.002418224620562239
SOX7.H14CORE.1.SM.B	-0.03220111698093116	0.002127292879126255
SOX9.H14CORE.2.S.B	-0.007834335594399897	0.002811684959159482
SP1.H14CORE.2.P.B	0.09775690420623027	0.003832921489043644
SP100.H14CORE.0.PSGI.A	0.048775242699285855	0.003023935000611113
SP140.H14CORE.0.PSGIB.A	0.04498673175273504	0.0029664726108041906
SP5.H14CORE.1.P.B	0.002537178453146477	0.003966138839514769
SP7.H14CORE.0.P.B	0.05020789665616756	0.002136882484175169
SPDEF.H14CORE.0.PSM.A	0.0936828968921155	0.0019125766431680985
SPI1.H14CORE.0.P.B	0.005158355409780766	0.002340408519194049
SRBP2.H14CORE.0.S.B	0.037269800756692256	0.0025474801076952208
SRBP2.H14CORE.1.P.B	-0.01210635205046914	0.002607087115580172
SRF.H14CORE.0.PSM.A	-0.010563015000827377	0.00254040737498953
STA5A.H14CORE.0.P.B	-0.04677151881666693	0.0019121600715896654
STAT6.H14CORE.0.P.B	-0.030904792806161083	0.0018710542231753285
STF1.H14CORE.0.PSM.A	0.021451490021738497	0.002405524174357044
SUH.H14CORE.0.P.B	-0.041673707813981664	0.002517696324903552
TAL1.H14CORE.1.P.B	-0.03770801768093221	0.0033207467566343735
TBP.H14CORE.0.P.B	0.002561448248432351	0.0022633240126334617
TBX1.H14CORE.0.S.B	-0.045815636622183825	0.002204221131969521
TBX19.H14CORE.0.PS.A	-0.022534126707712425	0.0029790711504713856
TBX21.H14CORE.0.PSM.A	0.00529764927050802	0.0020851129317871536
TBX5.H14CORE.1.P.B	0.025463482067156786	0.0019420844054614517
TCF20.H14CORE.0.B.B	-0.0428233336809425	0.0041222306971703876
TDIF1.H14CORE.0.PSG.A	-0.08918972942502794	0.0029276607509960964
TEAD1.H14CORE.0.PSM.A	-0.03221800584834324	0.0021494149167609732
TEAD1.H14CORE.2.S.C	0.020338876396528583	0.0020965192694237574
TEF.H14CORE.0.SM.B	-0.009309620959211656	0.0022748270644731504
TERF1.H14CORE.0.PSGB.A	-0.007666673766760337	0.002418426827629415
TET3.H14CORE.0.PSGIB.A	0.061422861159480216	0.0021490027062067065
TF2L1.H14CORE.0.PSM.A	0.029039720188085857	0.0018419381552557924
TF2LY.H14CORE.0.SM.B	-0.010511055478776789	0.002703939984112233
TF7L1.H14CORE.0.PM.A	0.007753856467357184	0.001956962871396233
TF7L1.H14CORE.2.S.C	0.036004678766626066	0.0034921150842184556
TFE2.H14CORE.0.PS.A	-0.02307701900827333	0.005070881983545996
THA.H14CORE.2.S.B	0.0256152207540252	0.0019782371000517784
THAP1.H14CORE.0.P.B	-0.0313814855915211	0.0020953198216738093
THB.H14CORE.0.P.B	0.0029711145266115638	0.002659716984507646
TIGD3.H14CORE.0.PSGIB.A	0.0007630574961936766	0.0019561039039939095
TIGD4.H14CORE.0.SGI.A	0.016664288000014765	0.0018276580760988698
TIGD5.H14CORE.0.PSGI.A	0.0026850108551637487	0.001894058574391862
TIGD7.H14CORE.0.SGIB.A	0.013560155151631052	0.0019125672082666678
TSH2.H14CORE.0.SG.A	-0.03516037504501137	0.0023512135666671637
TTF1.H14CORE.0.PS.A	-0.029326112642705352	0.001955933527895855
TWST1.H14CORE.0.P.B	-0.016255809370823555	0.0028230463087079005
TYY1.H14CORE.0.PSM.A	0.2413821193430756	0.0029407715370537674
TZAP.H14CORE.0.P.B	-0.018669707123343916	0.0020493313752019474
USF2.H14CORE.0.PSM.A	0.0862513830053406	0.0026504983675809226
VDR.H14CORE.0.PS.A	-0.015354727523768381	0.002138724670543145
VEZF1.H14CORE.0.P.C	-0.0015673319850741732	0.003131118481897376
YBOX1.H14CORE.0.SM.B	0.021555762252625114	0.0018345474461734265
Z280A.H14CORE.0.P.B	-0.0335255876884943	0.0019846465055312337
Z286B.H14CORE.0.PSG.A	0.025637766509655834	0.001835644669815962
Z324A.H14CORE.0.P.B	0.014020087724301855	0.001841468462548054
Z354A.H14CORE.0.P.B	-0.04640896632472681	0.0036654826569338743
Z518B.H14CORE.0.PSG.A	0.027423719893976073	0.0018992079324950224
Z585A.H14CORE.0.P.C	0.030217711180046722	0.0034161007864439174
Z585B.H14CORE.0.P.C	0.050584331464371315	0.0021400356766760244
Z587B.H14CORE.0.SG.A	-0.039761818618084525	0.0019104155431783868
Z705E.H14CORE.0.P.B	0.007101354442003716	0.0031121860300948475
Z705G.H14CORE.0.P.C	0.012085072392357732	0.002272912219323493
Z780A.H14CORE.0.P.C	0.019073478713066964	0.0022074613436981047
Z780B.H14CORE.0.PSGI.A	-0.015028758240154053	0.0023653842488435464
ZBED1.H14CORE.0.S.B	0.035895079644054556	0.0018570107158063292
ZBED4.H14CORE.0.SGIB.A	0.001428962288291512	0.0023390314417246023
ZBED5.H14CORE.0.PSGIB.A	0.0011417534912929262	0.002158275541799166
ZBT12.H14CORE.0.P.B	0.017821498785194678	0.002626742884264926
ZBT14.H14CORE.0.P.C	0.0509308451325794	0.0039225195493970905
ZBT14.H14CORE.1.S.B	0.0815457525657983	0.00242338403270386
ZBT16.H14CORE.0.P.B	0.051140987849485495	0.0024491683914607855
ZBT20.H14CORE.0.SM.B	0.012397503919128928	0.0020400963390275494
ZBT22.H14CORE.0.SM.B	0.021332012565014623	0.002246643373666225
ZBT24.H14CORE.0.SG.A	-0.022645207327986736	0.0022048466669860583
ZBT26.H14CORE.1.SM.B	0.018708838447203547	0.002076144297506888
ZBT37.H14CORE.0.M.C	0.03216007026748034	0.0018983025207346242
ZBT40.H14CORE.0.PSG.A	0.030583952073165013	0.0020278377227948897
ZBT41.H14CORE.0.PSG.A	-0.003168689033723235	0.002732475795494807
ZBT44.H14CORE.0.P.C	0.008801419611833193	0.0019768532318738515
ZBT47.H14CORE.0.PSG.A	0.031198749384138056	0.002970634113128389
ZBT49.H14CORE.0.P.C	0.07424002056840213	0.002828933335984817
ZBT7A.H14CORE.0.P.B	-0.04613546828028384	0.0044322317722720285
ZBT7B.H14CORE.0.SM.B	-0.001854590238591046	0.0022634683684806976
ZBT8A.H14CORE.0.PSGI.A	0.031086303475470548	0.00302945997898411
ZBT8B.H14CORE.0.PSGI.A	0.018783652400944997	0.0018859572042667005
ZBTB2.H14CORE.0.SM.B	0.026215569176984567	0.0021185071109292844
ZBTB5.H14CORE.0.SGI.A	0.00020649007462800704	0.0020158518795930606
ZBTB6.H14CORE.0.P.B	-0.01570909787832335	0.0026785906580906673
ZF64B.H14CORE.0.P.B	-0.02372630265215156	0.003515162149451777
ZF64B.H14CORE.1.P.B	-0.04016137774113146	0.0023138625882519366
ZF69B.H14CORE.0.P.C	-0.04104466859691692	0.0028849509614858795
ZFAT.H14CORE.0.PSGI.A	0.017763938886975115	0.0018363647942897326
ZFP1.H14CORE.0.PSM.A	-0.03787162851590747	0.0018563974460348222
ZFP14.H14CORE.0.P.C	-0.015016523734177615	0.0018951421488438015
ZFP28.H14CORE.0.P.B	-0.0016426686295248297	0.002119934985655389
ZFP3.H14CORE.0.P.C	0.01555354247493582	0.0020969360136762678
ZFP37.H14CORE.0.P.C	-0.043629774045512444	0.0029497826925523303
ZFP41.H14CORE.0.SM.B	0.007057033124990772	0.0018519885539058515
ZFP57.H14CORE.0.P.B	-0.014871548992906422	0.003470356550388356
ZFP69.H14CORE.0.P.C	0.01849191170534468	0.0030206296961341676
ZFP82.H14CORE.0.P.C	-0.014931067435131113	0.0025663588777872347
ZFP90.H14CORE.0.P.C	-0.0214700013587953	0.0018883370373609344
ZFP90.H14CORE.1.P.C	-0.019059344661348288	0.0019164263567822098
ZFP91.H14CORE.0.SGI.A	0.020050236690168585	0.0034454975316003007
ZFTA.H14CORE.0.PSGIB.A	-0.026328539479693068	0.002090657850257784
ZFX.H14CORE.0.P.B	0.14301334625307655	0.002982267782831765
ZIC1.H14CORE.1.M.B	-0.002814647500878691	0.001992579450207904
ZIK1.H14CORE.0.P.C	-0.007977341776884717	0.002266222786813467
ZIM3.H14CORE.0.P.B	0.006607568419430795	0.0019460312588242942
ZKSC1.H14CORE.0.P.B	0.03712297550804679	0.0022961789174581475
ZKSC4.H14CORE.0.SG.A	0.030965365123900485	0.0026851609332552663
ZKSC5.H14CORE.0.P.C	-0.014583141243935739	0.0019842574523003874
ZKSC8.H14CORE.0.P.B	0.0202847528849755	0.00357361579102753
ZKSC8.H14CORE.1.P.B	-0.020273044181613124	0.00215408955876672
ZN100.H14CORE.0.P.B	-0.022474093454712508	0.0020715160729037085
ZN100.H14CORE.1.P.B	0.06902260695547056	0.003611726358131624
ZN101.H14CORE.0.P.C	0.036709778169698906	0.0019420464124139205
ZN107.H14CORE.0.PSGI.A	0.017739121127705832	0.0018254884881278065
ZN112.H14CORE.0.P.C	-0.005709945544056775	0.0028110577161637694
ZN121.H14CORE.0.P.B	0.06783307546816228	0.0022984389762551963
ZN124.H14CORE.0.P.C	-0.012948464844870604	0.0019791897870405743
ZN131.H14CORE.0.PSGI.A	0.07890772727292776	0.00197636122328375
ZN132.H14CORE.0.P.C	-0.07208142113931966	0.003546443726636666
ZN133.H14CORE.0.P.B	0.03680833126371987	0.0020198536353771895
ZN134.H14CORE.0.P.C	0.005153918566319216	0.0025476947052317784
ZN135.H14CORE.0.P.C	0.0752097853489278	0.003841973407722525
ZN136.H14CORE.0.P.B	0.02754687580346657	0.0025504873916453613
ZN140.H14CORE.0.P.B	0.007064131606325397	0.002228879301722851
ZN141.H14CORE.0.P.C	0.003645663202363489	0.0023902255827355392
ZN142.H14CORE.0.PSGI.A	0.09354765378380861	0.0036027177862432307
ZN143.H14CORE.0.P.B	0.10039967503638583	0.003475053864759147
ZN148.H14CORE.0.P.B	0.04393578111827678	0.002553867416824083
ZN154.H14CORE.0.P.C	-0.0025919073524262883	0.002077891905621368
ZN157.H14CORE.0.P.B	0.05088809887218811	0.0021170423410093713
ZN160.H14CORE.0.SG.A	-0.014329069098522485	0.002120255183149893
ZN165.H14CORE.0.P.C	0.009623462592588115	0.0028146532472371577
ZN174.H14CORE.0.M.C	0.0018778286040426612	0.0019801565826813427
ZN177.H14CORE.0.SM.B	-0.003220969615842196	0.001825301474676863
ZN180.H14CORE.0.P.C	-0.027756891676600774	0.003468805811837515
ZN184.H14CORE.0.P.B	-0.02583312778827388	0.0037579364068470187
ZN189.H14CORE.0.P.B	0.019809997127443142	0.0026403714455884644
ZN197.H14CORE.0.P.C	-0.019842799467721814	0.0023455569575011985
ZN205.H14CORE.0.P.C	-0.0027310837555356666	0.0024830451822504787
ZN208.H14CORE.0.SGI.A	0.00877183198181336	0.0023574896124277976
ZN211.H14CORE.0.P.B	0.040389716160256196	0.003432161913382589
ZN213.H14CORE.0.P.C	0.01936222613294243	0.0019562287996339927
ZN214.H14CORE.0.P.B	0.042250498246528594	0.0023578362205842044
ZN215.H14CORE.0.PSG.A	-0.04104890126597771	0.0027415472833104315
ZN222.H14CORE.0.P.C	-0.027237456446152518	0.002202802737935381
ZN224.H14CORE.0.P.B	-0.0031111094680553323	0.0019985013333722666
ZN226.H14CORE.0.PSGI.A	0.00030955183567685056	0.0019182912913943688
ZN229.H14CORE.0.SG.A	0.02010641195713677	0.0018724245866591786
ZN233.H14CORE.0.PG.A	0.024884006631887865	0.002163422322270062
ZN239.H14CORE.0.P.C	-0.017476751497594843	0.002744633801739204
ZN248.H14CORE.0.P.B	-0.056968453215101134	0.0026586917408234047
ZN250.H14CORE.0.P.C	0.0015933254094501574	0.002125381307596196
ZN250.H14CORE.1.M.C	0.10523599414208014	0.0023648939657412425
ZN251.H14CORE.0.PSGI.A	0.018109116419197255	0.00264709440075057
ZN254.H14CORE.0.P.C	0.013895231554411053	0.0018909092471013841
ZN257.H14CORE.0.P.B	0.019662053645004153	0.0018235309711383736
ZN263.H14CORE.0.PM.A	-0.05064761875016775	0.003707914996070131
ZN264.H14CORE.0.P.B	-0.0017734995747855024	0.0018587963141730025
ZN266.H14CORE.0.P.B	-0.01044732296264117	0.0019219009038640917
ZN267.H14CORE.0.P.C	0.04136382107904817	0.002138395810832866
ZN273.H14CORE.0.P.C	-0.02822501211066955	0.0020971698135895224
ZN274.H14CORE.0.SM.B	0.0008079898065042634	0.0024877869045476318
ZN274.H14CORE.2.P.B	-0.01630394020969727	0.0018884981541057659
ZN275.H14CORE.0.SG.A	-0.01503223473035475	0.0019218794340112048
ZN276.H14CORE.0.SM.B	0.008865458105497753	0.0018191383326481888
ZN281.H14CORE.1.SM.B	-0.07821414348576905	0.003271051345537221
ZN282.H14CORE.0.P.B	0.012501851950053603	0.0022823486021988438
ZN283.H14CORE.0.P.C	0.04479612272911818	0.002123484995505249
ZN284.H14CORE.0.P.C	0.019439262453427204	0.0023930221581237696
ZN292.H14CORE.0.PSG.A	-0.09315353017255723	0.0027617696775900295
ZN296.H14CORE.0.S.C	-0.022149023446363124	0.0018942732793355433
ZN302.H14CORE.0.P.B	0.048922256033725464	0.002599172218198975
ZN304.H14CORE.0.P.C	0.008357397105055687	0.0032643549562330733
ZN316.H14CORE.0.P.C	0.028779253005156002	0.0019391754398890495
ZN317.H14CORE.0.P.B	0.027567136675765328	0.0019493437384157967
ZN317.H14CORE.1.P.B	-0.017254489836164778	0.0021985476293822277
ZN320.H14CORE.0.P.B	-0.007998856117146883	0.0021504220621814812
ZN320.H14CORE.1.P.B	0.03164641541611864	0.002304979576022997
ZN322.H14CORE.0.P.C	-0.010176714669156088	0.001987207616692064
ZN329.H14CORE.0.P.C	-0.04879288603113513	0.0021224880383955815
ZN329.H14CORE.1.P.C	0.008474800177011134	0.0020836546256473992
ZN331.H14CORE.0.P.B	0.0031189069761446316	0.0019726122379987747
ZN333.H14CORE.0.P.C	0.014357116335173992	0.0028373432234287746
ZN335.H14CORE.0.PSG.A	-0.006221602537302959	0.002231935051625798
ZN337.H14CORE.0.P.C	0.03492578179297018	0.0018719560219688383
ZN33B.H14CORE.0.P.C	0.06338853732006845	0.001937148143193213
ZN341.H14CORE.0.P.B	-0.004396451057702174	0.002236750173043574
ZN347.H14CORE.0.PSGI.A	0.01635270541842561	0.0021871591783559296
ZN350.H14CORE.0.P.B	0.003455438849901535	0.0021777946863812815
ZN358.H14CORE.0.SG.A	0.0072202696810154746	0.0031608535403375147
ZN362.H14CORE.0.PSGI.A	0.0783395296481065	0.003467050220944755
ZN37A.H14CORE.0.P.B	0.004360962093988426	0.0018999257185337065
ZN382.H14CORE.0.P.B	0.02293392098010661	0.0019811410311950466
ZN383.H14CORE.0.P.C	-0.026249362624940577	0.0025650656873500055
ZN394.H14CORE.0.P.C	0.020384391366939543	0.0020565362197995647
ZN407.H14CORE.0.PSGI.A	0.08682953886270078	0.0018611371781241857
ZN410.H14CORE.0.SM.B	-0.0008438451125167487	0.001978688385708982
ZN416.H14CORE.0.P.C	-0.06135352463647008	0.0020194355274429556
ZN418.H14CORE.0.P.B	-0.02306626921653748	0.0018600669161036043
ZN425.H14CORE.0.P.C	0.03327850515312995	0.005188024226830158
ZN429.H14CORE.0.P.C	0.02994291590496638	0.002158036589859812
ZN430.H14CORE.0.P.C	0.0035339379320044693	0.0025285910501848
ZN431.H14CORE.0.P.C	-0.024528098423304903	0.0019407258973876517
ZN432.H14CORE.0.P.C	-0.006568052988470508	0.002927523130669523
ZN433.H14CORE.0.P.C	0.020419672911869333	0.0024921644937928806
ZN436.H14CORE.0.P.C	-0.02929688873581897	0.002050292514282921
ZN440.H14CORE.0.P.C	0.025994651018058305	0.0018893707517186624
ZN441.H14CORE.0.P.C	0.03084637179220024	0.002562834880159256
ZN441.H14CORE.1.P.C	0.02221829187993106	0.002376074128490816
ZN443.H14CORE.0.P.C	0.034119592705902355	0.0023595974958194794
ZN449.H14CORE.0.P.B	-0.00699813011729015	0.002273412679025124
ZN449.H14CORE.1.S.C	0.04153453065982866	0.0047512385681156765
ZN454.H14CORE.0.P.B	-0.03458640540009071	0.0019877194803357826
ZN454.H14CORE.1.SM.B	0.03569903822234958	0.002887051086779814
ZN460.H14CORE.0.S.C	-0.008479641941830523	0.003470908520032644
ZN467.H14CORE.0.P.C	0.0033488070917400414	0.004199440552373131
ZN470.H14CORE.0.PSG.A	-0.005492732182285076	0.0019201796673927512
ZN471.H14CORE.0.PSG.A	0.006501831693382173	0.0024400631624637834
ZN479.H14CORE.0.P.C	-0.012357354072302328	0.0019796043588904784
ZN480.H14CORE.0.P.C	-0.022240503032787944	0.0020422932096132505
ZN480.H14CORE.1.P.C	-0.025905977677846845	0.0022941159455665246
ZN483.H14CORE.0.P.C	-0.02659248073160666	0.0019516752775301316
ZN484.H14CORE.0.P.C	0.009845555566719236	0.0018907880699516246
ZN485.H14CORE.0.P.C	0.008988861088362603	0.0019244288133652074
ZN490.H14CORE.0.P.C	0.021677865263934486	0.0019054420834674088
ZN492.H14CORE.0.P.C	0.005304855583638166	0.002077602973311672
ZN493.H14CORE.0.PSGI.A	0.01115941412058551	0.001968608811084471
ZN497.H14CORE.0.SG.A	0.016556811664278748	0.002319960462530535
ZN500.H14CORE.0.PSGI.A	0.009038215589872814	0.0019908624178799714
ZN502.H14CORE.0.P.C	-0.014114242290145287	0.0018605805021021
ZN506.H14CORE.0.P.C	0.042922004619844134	0.002545341245777983
ZN507.H14CORE.0.I.B	0.050544670172963775	0.0030176876089922943
ZN510.H14CORE.0.PSG.A	0.0029097573978409483	0.0018528870447583436
ZN516.H14CORE.0.S.C	0.021880200001152192	0.0021564738067021156
ZN524.H14CORE.0.S.B	-0.015694842292155994	0.0022442734712393763
ZN526.H14CORE.0.S.C	0.005635518800051592	0.0018385941004616586
ZN527.H14CORE.0.P.C	-0.013866219561480486	0.002855705726898493
ZN528.H14CORE.0.P.B	-0.009097857428573785	0.0018535231712722726
ZN529.H14CORE.0.P.B	0.022727649288930465	0.0018852057586821944
ZN530.H14CORE.0.P.B	0.010108156132515722	0.002219417298159046
ZN532.H14CORE.0.SG.A	0.03747836338928482	0.0020414734196636504
ZN534.H14CORE.0.P.C	0.012116181257058021	0.002021619922077961
ZN540.H14CORE.0.P.C	-0.06097029024413769	0.004414523331216226
ZN543.H14CORE.0.P.C	0.06416548780425767	0.0030815895333467774
ZN547.H14CORE.0.P.B	0.0015377854641243378	0.0018212425334227056
ZN548.H14CORE.0.P.B	0.0016814263764541705	0.0022830409688110705
ZN549.H14CORE.0.P.B	-0.02524236421911014	0.001860073956103751
ZN550.H14CORE.0.P.C	-0.003320461460318877	0.002892170007095218
ZN551.H14CORE.0.PSG.A	0.026943319528330668	0.0024251218462044257
ZN554.H14CORE.0.P.C	-0.009270802490310025	0.00204657312191588
ZN557.H14CORE.0.P.C	-0.045918836538348794	0.002346560360945066
ZN558.H14CORE.0.P.B	-0.043110958620300996	0.00292761235759959
ZN560.H14CORE.0.P.C	-0.04544178848328517	0.0027911529352366575
ZN561.H14CORE.0.P.C	0.0022251785908303304	0.00230861978220619
ZN562.H14CORE.0.P.C	-0.002286279834987099	0.00297142469433187
ZN563.H14CORE.0.P.C	-0.0192539383285873	0.0023781933734106737
ZN563.H14CORE.1.P.C	-0.0667898354370334	0.002540604288703488
ZN564.H14CORE.0.P.C	-0.02394581938928466	0.0020435338633577327
ZN565.H14CORE.0.P.C	0.03405268989676245	0.001991072963798804
ZN566.H14CORE.0.P.C	0.023418336673558245	0.0019485471246807223
ZN567.H14CORE.0.P.C	-0.02070399332423072	0.003136870386618527
ZN568.H14CORE.0.SG.A	0.024304275577330572	0.001907871919245264
ZN569.H14CORE.0.SG.A	0.01991304566553851	0.002044135789543453
ZN570.H14CORE.0.P.C	0.007783242408792836	0.002083946365430564
ZN573.H14CORE.0.P.C	0.06490125729254878	0.002421860404432326
ZN574.H14CORE.0.P.B	-0.0026610509186246935	0.002831354550477159
ZN575.H14CORE.0.PSG.A	0.03132068302542425	0.0022065385717899987
ZN577.H14CORE.0.P.B	0.0099214872930613	0.0019060118551643358
ZN578.H14CORE.0.P.B	0.03145987997736979	0.0018855126940985165
ZN580.H14CORE.0.SM.B	-0.00447061404417985	0.002491506630374673
ZN582.H14CORE.0.P.C	-0.054087592896454095	0.0018570110005877323
ZN584.H14CORE.0.P.B	-0.017695239029466077	0.0020600029128937593
ZN584.H14CORE.1.P.C	-0.002332267333871962	0.002785890298779916
ZN587.H14CORE.0.P.C	-0.017224980905229094	0.0019408725972194397
ZN595.H14CORE.0.P.C	0.015139522424117945	0.0028476884504583413
ZN605.H14CORE.0.P.C	-0.01289956711128793	0.0018400000249632024
ZN606.H14CORE.0.PSG.A	0.012172548346630133	0.0018626604209299852
ZN610.H14CORE.0.P.B	0.04878091937575384	0.0025385160280020054
ZN611.H14CORE.0.P.C	-0.009283088509655039	0.0021380675414051265
ZN611.H14CORE.1.P.C	-0.00301719667667254	0.00240347650414418
ZN613.H14CORE.0.P.C	-0.03278588396826891	0.0032953144973080204
ZN614.H14CORE.0.P.C	0.012267885882322402	0.002550069769235112
ZN615.H14CORE.0.P.C	0.0369253170046114	0.0026554854797795464
ZN616.H14CORE.0.P.C	0.030802956385869003	0.0022086325853149496
ZN618.H14CORE.0.G.B	-0.001915036406066448	0.0022155746072351173
ZN621.H14CORE.0.P.C	-0.04426597741938933	0.0019370189710743628
ZN623.H14CORE.0.PG.A	-0.015302710031041226	0.0032394779438366145
ZN626.H14CORE.0.P.C	0.006139306146177941	0.0021983795321963095
ZN627.H14CORE.0.P.C	-0.0007537571175225983	0.0020363386119339197
ZN646.H14CORE.0.PSG.A	0.03510734732021438	0.004680962047958157
ZN648.H14CORE.0.PSGI.A	0.057573507674327014	0.0021561477773066003
ZN649.H14CORE.0.P.C	0.039664603756334	0.002053258231274652
ZN660.H14CORE.0.SM.B	0.006353247391836009	0.0018348218421940224
ZN662.H14CORE.0.P.C	-0.01522792602413011	0.0021419286331996698
ZN664.H14CORE.0.P.C	-0.01242057439448398	0.002612688313196884
ZN665.H14CORE.0.PSG.A	0.008058563273196283	0.0018986392493234795
ZN667.H14CORE.0.P.C	-0.04541444979086608	0.002075649618433699
ZN667.H14CORE.1.P.C	0.01681966037599956	0.0022291707127941097
ZN668.H14CORE.0.SG.A	-0.013368128292334554	0.0026855194441238253
ZN669.H14CORE.0.P.B	-0.026267291698660006	0.0018823695234075084
ZN671.H14CORE.0.P.C	0.01588021912521755	0.0026706539417671042
ZN672.H14CORE.0.PSG.A	-0.020660974053480823	0.0019984339956886296
ZN674.H14CORE.0.P.C	-0.03108698371697584	0.0022318877578208574
ZN676.H14CORE.0.PSG.A	0.01647522861489124	0.0021627413768174437
ZN677.H14CORE.0.P.C	0.021624776439436007	0.00246350671729073
ZN678.H14CORE.0.PSG.A	0.021431180773423826	0.003305302731514237
ZN680.H14CORE.0.P.B	0.03985272522656596	0.0018504079566992078
ZN681.H14CORE.0.P.C	0.014735318915890272	0.002463951373053218
ZN682.H14CORE.0.P.B	0.02831532531315948	0.002265454875794926
ZN684.H14CORE.0.P.C	-0.0028714866972563997	0.002028930700057636
ZN689.H14CORE.0.PSG.A	0.015676874591155077	0.0025990105244163638
ZN692.H14CORE.0.P.C	0.032347197538896325	0.0021541765139787097
ZN696.H14CORE.0.PSG.A	0.03209007792841186	0.0018545293939127377
ZN699.H14CORE.0.PSG.A	-0.00698425777596736	0.0021980514846298878
ZN700.H14CORE.0.PSG.A	0.06571706840134087	0.0018111457776632367
ZN701.H14CORE.0.P.B	-0.024374346657056074	0.00204784350576301
ZN707.H14CORE.0.P.B	-0.010880904709255013	0.0020655615374899974
ZN708.H14CORE.0.P.B	0.03363644166117425	0.0019023871538070302
ZN709.H14CORE.0.P.C	-0.011895789744045548	0.0019905999046248906
ZN713.H14CORE.0.SM.B	0.030697032659235457	0.001940505407315189
ZN714.H14CORE.0.P.C	-0.016996689944173513	0.0019589602095044616
ZN716.H14CORE.0.P.C	0.0018898989157321916	0.0020537083651373704
ZN716.H14CORE.1.P.C	-0.03403784116769633	0.0019573449243982443
ZN721.H14CORE.0.PSG.A	0.004343246759578586	0.0019416848053309106
ZN724.H14CORE.0.PSG.A	0.0044588349495100765	0.0019686391671344446
ZN726.H14CORE.0.PSGI.A	-0.014631404634207743	0.0018926802856247425
ZN728.H14CORE.0.PSG.A	0.06261419410045156	0.002000121882373445
ZN730.H14CORE.0.P.C	0.004455943232940435	0.0028156892471218418
ZN732.H14CORE.0.PSG.A	-0.006016926001723339	0.002163466646839501
ZN736.H14CORE.0.P.C	0.017071698270695705	0.00187751851725999
ZN740.H14CORE.1.S.C	0.029270166347244334	0.003102409408137898
ZN746.H14CORE.0.PSG.A	-0.018467897519590246	0.003426595604750297
ZN749.H14CORE.0.P.C	-0.013265992778838581	0.003181231211638176
ZN749.H14CORE.1.P.C	-0.007974198063549001	0.0024090464805829035
ZN75D.H14CORE.0.P.B	0.03339014678204423	0.0023284285597904133
ZN75D.H14CORE.1.P.B	0.009058985935337154	0.002419221583736354
ZN765.H14CORE.0.P.C	0.05085713188477703	0.002972122362900309
ZN766.H14CORE.0.P.B	-0.07352080799811463	0.002532254080636747
ZN766.H14CORE.1.P.B	-0.0009897135921891065	0.0019203032228109409
ZN768.H14CORE.0.P.B	-0.010384451400915144	0.002376959537660916
ZN768.H14CORE.1.P.B	-0.03779442933110951	0.0027777988729812144
ZN770.H14CORE.0.P.B	-0.02732043113150498	0.003812595563648123
ZN771.H14CORE.0.SM.B	0.06953185928594471	0.002590105835717843
ZN772.H14CORE.0.PG.A	0.01911096586713057	0.001955889511574895
ZN773.H14CORE.0.PG.A	0.02387714782832921	0.002350123046495494
ZN775.H14CORE.0.PSG.A	0.004826969583065673	0.001975127876963941
ZN776.H14CORE.0.P.C	0.023213889670927905	0.0022779773044261263
ZN778.H14CORE.0.P.C	0.017923778714474238	0.0020804467332092005
ZN778.H14CORE.1.P.B	-0.019207184437554026	0.0019426650457544344
ZN782.H14CORE.0.P.C	-0.001588190675244426	0.0018914168878697596
ZN787.H14CORE.0.M.C	0.005832963365709624	0.0022934447793739113
ZN787.H14CORE.1.S.C	-0.004315580074430236	0.0018826349004857296
ZN788.H14CORE.0.S.C	-0.02768232671375226	0.001844215536100144
ZN789.H14CORE.0.P.C	0.0036942896765572823	0.0019303042034219998
ZN790.H14CORE.0.P.C	-0.023331529158340223	0.0022435942266579995
ZN790.H14CORE.1.P.C	-0.02745832773094829	0.002768699783991574
ZN791.H14CORE.0.P.C	0.022073848296927732	0.002965301853300175
ZN793.H14CORE.0.P.B	-0.037045751386549274	0.0026436945359036676
ZN799.H14CORE.0.P.C	0.013489680153831325	0.002720369774382056
ZN800.H14CORE.0.PSG.A	-0.07949316700542454	0.0030728555632565917
ZN805.H14CORE.0.P.C	-0.00894449225549796	0.0022776567946392397
ZN813.H14CORE.0.SG.A	0.0010239536895477255	0.0026432927864368204
ZN814.H14CORE.0.PSG.A	-0.013914772588614618	0.002004772230342756
ZN816.H14CORE.0.P.B	-0.002718566247575005	0.0020246868644486736
ZN821.H14CORE.0.SM.B	0.0047448340498414225	0.002691636358670216
ZN823.H14CORE.0.P.C	-0.06270549417311698	0.0030607438742463623
ZN827.H14CORE.0.SG.A	0.01844464462393167	0.001861314456366225
ZN831.H14CORE.0.PSGI.A	-0.06281077908911581	0.0019880443292713645
ZN836.H14CORE.0.PSG.A	0.0077053390356430305	0.001980887740304927
ZN841.H14CORE.0.PSGI.A	-0.014588208869336428	0.001910263660275138
ZN845.H14CORE.0.PSG.A	-0.0175318131606797	0.0024979003543877686
ZN850.H14CORE.0.PSG.A	-0.03366427951982873	0.001963662671703004
ZN853.H14CORE.0.SG.A	0.037524228883906996	0.0019931576892754394
ZN860.H14CORE.0.P.C	-0.06494553704279965	0.002103107671964194
ZN875.H14CORE.0.P.C	-0.017646793124333673	0.0021479908493196253
ZN878.H14CORE.0.PS.A	0.013696616488290361	0.0020043982887997733
ZN879.H14CORE.0.P.C	-0.001321386456086801	0.002180298825380735
ZN880.H14CORE.0.P.C	-0.00791990296068679	0.0020260711046927444
ZN888.H14CORE.0.P.B	0.028854976864248864	0.0024246233471088285
ZNF10.H14CORE.0.P.C	0.002399204964238686	0.0019242610106850286
ZNF12.H14CORE.0.P.C	0.017468959969269095	0.0031884724514276482
ZNF12.H14CORE.1.M.C	-3.3897091350165026e-05	0.0023595833670317537
ZNF14.H14CORE.0.P.C	0.01840550585408245	0.0028139813177283667
ZNF16.H14CORE.0.P.C	0.0030587754356551093	0.0020106434877347873
ZNF20.H14CORE.0.PSG.A	0.043080564542107666	0.0020798706247799384
ZNF23.H14CORE.0.P.C	-0.01856497511210211	0.002633527914224996
ZNF24.H14CORE.0.P.B	-0.02553135498844308	0.0022807533767180963
ZNF26.H14CORE.0.P.B	0.03536312865421213	0.002060540478818162
ZNF26.H14CORE.1.P.B	0.028224316011838967	0.0019211108087072988
ZNF28.H14CORE.0.P.C	0.02641322962789072	0.002224784672961817
ZNF3.H14CORE.0.P.B	-0.008527873756940425	0.002560296985992422
ZNF30.H14CORE.0.P.C	0.021380321706868086	0.00418031175401554
ZNF34.H14CORE.0.P.C	-0.010121537758003967	0.002479945788385109
ZNF35.H14CORE.0.P.C	-0.0326006527155915	0.003087086874861961
ZNF35.H14CORE.1.P.C	0.06473028267256284	0.0028231892078946484
ZNF41.H14CORE.0.P.C	0.009912587840888245	0.001904101069240031
ZNF41.H14CORE.1.P.C	0.0022573020979960758	0.0018781791146396214
ZNF43.H14CORE.0.PSGI.A	-0.02739263294021235	0.002133737170853543
ZNF44.H14CORE.0.P.C	0.031545123292900684	0.001889451162151837
ZNF48.H14CORE.0.PSG.A	-0.12128992055087565	0.003723230016482767
ZNF57.H14CORE.0.PSG.A	0.025369426864891187	0.0020790723129572993
ZNF66.H14CORE.0.PG.A	0.03536328674996619	0.0019295259812816498
ZNF7.H14CORE.0.P.B	0.012682012586325443	0.0020688773695495674
ZNF70.H14CORE.0.PSG.A	0.03783220299768087	0.0021417144302585374
ZNF74.H14CORE.0.P.C	0.016178746199918437	0.0026283538676264194
ZNF76.H14CORE.1.SM.B	0.08408913256807976	0.0019216069102907492
ZNF77.H14CORE.0.P.C	-0.0018774340462095977	0.0019462488488993512
ZNF79.H14CORE.0.P.C	0.019365389240754496	0.0020877059934086973
ZNF8.H14CORE.0.P.C	0.006910672248631299	0.0019586446329763777
ZNF8.H14CORE.1.P.B	0.006812588425672797	0.0029489601545085046
ZNF81.H14CORE.0.P.C	-0.022829271404562902	0.002522666934339088
ZNF83.H14CORE.0.G.C	-0.023553447664381135	0.00230359520891131
ZNF85.H14CORE.0.P.B	0.025169886761066358	0.0018960399366632697
ZNF90.H14CORE.0.P.C	-0.025321099291045215	0.002704827421081045
ZNF92.H14CORE.0.P.B	-0.013794999339564162	0.0018806136162147803
ZSA5A.H14CORE.0.SM.B	-0.021303693982745172	0.001945162474319495
ZSA5C.H14CORE.0.P.C	-0.06528387673644831	0.002003810704831126
ZSC12.H14CORE.0.P.B	-0.023159138336192733	0.002516231254640002
ZSC16.H14CORE.0.PSM.A	5.942029736000394e-05	0.0024172422927232354
ZSC21.H14CORE.0.P.C	0.017870598748677982	0.0026875416266887503
ZSC22.H14CORE.0.P.C	0.012979987794461582	0.0028654492739212415
ZSC23.H14CORE.0.M.C	-0.0018588046451072345	0.003829775501444431
ZSC25.H14CORE.0.PSG.A	0.01849190393786343	0.0023937483242766175
ZSC29.H14CORE.0.P.B	-0.029652531710789472	0.0019760007493990466
ZSC29.H14CORE.1.M.C	-0.019386562281251664	0.0019846179427464813
ZSC31.H14CORE.0.P.C	-0.01616489332493584	0.0019680311918878826
ZSCA1.H14CORE.0.SM.B	0.016824009286669245	0.003431626522372969
ZSCA2.H14CORE.0.PG.A	0.00835228460309934	0.003273217066768566
ZXDA.H14CORE.0.PSI.A	-0.015060473750398814	0.002795324021699947
ZXDC.H14CORE.0.PI.A	-0.007859194250753182	0.0023693579988262555
