	overall	DDF Tumor	HUH7	Hep3B	HepG2	NAT	Standard Tumor
ZN689.H14CORE.0.PSG.A	3.754916666300805	4.666205574247044	1.8083266754727154	3.0037105366910537	0.3768685136563529	6.931920688846565	1.5287393164131917
TBX21.H14CORE.0.PSM.A	2.4352497706937735	3.0849857778919447	3.1632861164631185	1.3706890115508248	3.6203453955991116	0.34827787526388543	0.9757795557196223
ZN778.H14CORE.0.P.C	3.0801824096696264	1.7805222001527115	1.9723282083292057	0.31039331510849305	1.4884752129895882	6.487119281475438	2.33884269513418
ZN250.H14CORE.1.M.C	2.505626798187863	4.42444280775702	2.6483617464100555	0.21150195815195547	1.6066759618283608	2.419694345583131	1.6119610296641305
MNX1.H14CORE.0.SM.B	1.5441021598182614	0.48615259839140257	0.2003765509120567	0.1648499357338983	0.18830532637648992	3.5257948211315258	1.2390118040936007
RXRG.H14CORE.1.SM.B	4.95724092398787	11.635279198316375	0.04940058413951132	0.7474119191429646	0.5533886942409573	3.119792582998852	1.210493141470958
ZFTA.H14CORE.0.PSGIB.A	6.592516511510503	0.32159498088440625	11.319745495675335	2.133105497739704	7.834697807534121	7.667691616344816	2.7931091610260737
REST.H14CORE.0.P.B	2.919148031448269	2.4712219929033377	5.208791273449736	0.7809669940690692	3.358771903498793	1.8050648213992335	1.6554726072826866
CREB5.H14CORE.0.P.B	4.867372861328786	4.258647453305371	5.353759284365281	4.603133087037285	7.436373606199661	4.290027034901391	0.6754822222552612
ZN416.H14CORE.0.P.C	2.0097919920423943	1.2470269429240444	1.1299661150725437	0.3666718388448161	1.1089310895256486	4.042781864826587	1.922348013442592
ZN558.H14CORE.0.P.B	2.911900839801497	1.2656169074855501	4.538548061598233	2.336991947000624	1.6922044559777558	4.156720191728609	1.7525365353020634
NR1I3.H14CORE.2.M.C	3.5719421373847293	4.832618036024288	0.26378388361266525	0.33268118265102053	0.41191159286181583	7.028052645382118	1.8587557294329629
ZBED4.H14CORE.0.SGIB.A	2.4517946813508984	2.4450346695239884	2.180730142504604	2.528209036608884	0.11856536060881202	4.25023320295474	0.9293134618495875
FOXH1.H14CORE.0.P.B	1.1552184117821016	1.410754385981906	0.7631875973469372	0.1365616351479226	0.3313955673865268	2.2279844717383472	0.5848994089806206
ZN800.H14CORE.0.PSG.A	2.3888029631383967	1.7726415043910257	0.357122520465572	0.41529360180607877	0.8003779271926464	5.116068593845582	1.9953074258138705
ZN337.H14CORE.0.P.C	2.4774767276991945	0.654348553731682	0.5921531548749365	0.5366069750125059	0.04405290419022728	5.690944844357104	1.8362427137045911
ZN595.H14CORE.0.P.C	4.767813807110601	5.690413077090367	2.9322381741499544	3.959784075988735	4.985453533199785	7.314664507872577	1.1723973622047261
MAFG.H14CORE.1.PSM.A	4.687717766161079	2.8858689792211005	6.605947699782103	1.761748628945684	4.405941151875542	7.175541423698183	2.424238429902321
ZBT20.H14CORE.0.SM.B	3.437736899573901	6.8239221799483305	3.3908171480431344	2.4468908323588128	1.5493603775213178	1.1638171858940636	1.7613609305309146
Z518B.H14CORE.0.PSG.A	3.5081628296842347	2.056627898550477	3.602254638844151	1.0516053475660414	1.9993963379217181	6.93526211706608	1.853634722851858
HAND1.H14CORE.1.P.B	4.415839292154839	0.7554206207548007	2.2699262745840056	3.0137795897544626	0.30295059773854593	9.563285789908651	3.262439691207096
VDR.H14CORE.0.PS.A	2.422437887939939	0.5874509262145043	2.67831456078938	2.7109958281741107	0.07581145941266904	4.1512922395058345	1.7613322891429974
IRX2.H14CORE.0.S.B	4.29825019716147	8.077415287722651	5.188909910639627	3.3275367024416336	2.401947171405616	0.41280041286337593	1.291530043066052
PO2F2.H14CORE.0.PSM.A	3.234694907761209	2.5148735625965988	5.429063453452025	3.435030375194054	2.490785613365724	2.863663768055392	0.8810056944159744
SMAD4.H14CORE.1.P.B	2.9805611965194756	3.4265228511456316	0.9611966701092551	2.651088265184786	0.9524127938082442	5.559027285689853	1.3414055712121313
ZN662.H14CORE.0.P.C	3.5496696443374613	4.280629979211368	4.608868659968125	1.2317315987095667	3.3146415471381365	4.287690191842272	2.2687365782151083
CMTA1.H14CORE.0.PSGI.A	3.718700059932828	5.098776361493401	1.4022742411388114	2.792893184244188	0.5489953561992302	6.680487068644708	1.509281838665688
FEZF1.H14CORE.0.P.B	5.1094058856487	6.389179226559018	0.3068341505250339	1.131443032650193	1.19796541908165	10.327741208282479	2.5185094190976467
CXXC4.H14CORE.0.PSGIB.A	3.9695826811996433	5.6291607574956775	0.9285002971424943	4.002015887494236	3.3302951396704294	5.893816455228069	0.38972689510985953
HIC2.H14CORE.0.P.B	0.7003504878230024	0.2848314301909562	0.2124362420081418	0.9211191509887029	0.46566888712219595	1.2156723303804942	0.5229909335885495
KLF16.H14CORE.0.SM.B	2.2780915102127177	0.7881938436191586	0.06467635150149036	1.7103820272770895	1.1996355239698089	4.5052080917349375	2.4189545238429164
ZBT49.H14CORE.0.P.C	2.99790864089012	3.472949893764189	1.2523977256870622	4.344599679788213	2.040895612112824	4.117702695130077	0.5464243078417462
SALL3.H14CORE.0.PSG.A	4.516292674704216	1.2023872696983575	1.1515014973599023	3.498365905033112	1.7849982720998123	9.76587188645298	2.9686141139017854
TEAD1.H14CORE.2.S.C	4.955566685869588	2.5788483680393877	1.153821508048866	1.428946446920129	1.7948445700576692	11.099921201444026	3.300375498898514
PO3F2.H14CORE.0.P.B	4.574260567753786	8.131114254597671	0.8645214611999202	1.4824582538440487	1.1195071423401732	7.374058736118878	0.9235914205828676
ZN582.H14CORE.0.P.C	3.5829004992850533	5.13900272275216	3.924160551996605	0.988130355102888	2.1311619756826334	4.500372584447565	3.072956970125613
ZN787.H14CORE.1.S.C	3.69347106261487	6.290654567627508	5.2557046793392805	1.7783668288993797	2.212978932672216	2.412701752561346	0.8801194778014962
ZBT26.H14CORE.1.SM.B	1.3155765456480284	0.8810183359757106	2.5497493511054126	1.475720987092526	0.8959753051107467	0.35306874880325284	0.043047676733879
E2F1.H14CORE.0.P.B	4.239875606872584	0.07716920424902782	0.7372594973450067	0.6210872008300583	1.2978708592934953	9.96568212680246	2.4340760027371746
ZN664.H14CORE.0.P.C	5.091594977620572	2.5983718628217414	2.339681376642154	0.8385523768603002	1.2432008236555636	11.0142773548125	4.444926004970719
ZN740.H14CORE.1.S.C	2.162209322549694	0.34328090880487916	0.37610207100387283	0.45940880822479485	0.258388295634974	4.827094262348647	2.052544858210565
COE1.H14CORE.0.P.B	5.754425396528527	4.702841533032961	2.3283682140606063	3.095665902986096	0.593316878330598	12.342094039673869	2.979932088996573
ZFP57.H14CORE.0.P.B	1.6656542673791777	2.3654567511186384	0.5751313338467264	0.10811527348631109	0.1908031864253954	3.1452581435345164	0.8829040606229173
LMX1B.H14CORE.0.P.C	0.9106257205874106	1.6762171809451711	0.15052751181977633	0.26383191094623465	0.41145871483651014	1.1534167873296215	0.7574937702181952
MYT1.H14CORE.0.SG.A	2.3161871745584963	0.6845535610693496	0.8452188165947614	1.6015621035833498	1.8626028817547553	4.722067481046043	1.6349672098635755
KMT2A.H14CORE.0.P.B	3.984552193770007	5.860336694792618	1.1502417437900134	5.6284709217121165	4.610074608976614	2.190585765731315	1.3646230431367925
TBX1.H14CORE.0.S.B	3.6399923890107253	3.60275994163432	3.990152465648562	1.023505647418235	2.160369403820096	6.52648373093417	1.5120588595561957
PATZ1.H14CORE.0.P.B	1.6734881805659254	0.5620244774307036	0.4133096322937591	1.0133553266640467	0.48789599739355227	3.56692849121372	1.526030600545684
HSF1.H14CORE.2.P.B	4.015208731049773	8.245339593995153	1.0587422519167486	2.9275372155227255	2.234987359587996	3.747292944418371	0.13038285936313715
ZN772.H14CORE.0.PG.A	2.9975996425252815	5.577581952259674	2.24297333329044	0.7118646497322384	0.8109288837851942	2.8088760966094357	2.95281730436916
ZN273.H14CORE.0.P.C	3.7478459161553346	0.6302032554513866	3.335028250717508	2.1237845901081456	1.0395000151138962	7.485212220061336	3.3375292126406544
ZN610.H14CORE.0.P.B	3.45813752761037	5.189145737808587	1.1267534481920896	1.3718811140330087	0.338069269955771	6.287018353438997	1.4256702771558087
EGR1.H14CORE.0.PS.A	5.143767001168492	8.079305626134738	0.030926255586637027	0.046740017497425033	0.6257531428406486	9.52775045403863	1.5172730804434866
ZN304.H14CORE.0.P.C	4.202218763272553	5.827319314204948	1.4553066916056874	1.0114725488557672	1.0019355527391494	8.045807741372796	1.764741757310462
ZN699.H14CORE.0.PSG.A	1.6680020182659774	1.744680928450577	0.6262223178684825	0.11769340730109996	0.40951007749752955	3.4731679411496303	1.006415756542376
ZN148.H14CORE.0.P.B	2.043393665363128	1.9590587094795429	0.4270930902070227	3.056665357188775	2.0160834837290356	2.3877583662245514	1.3868095616588474
ZN570.H14CORE.0.P.C	3.53514179942217	1.1932008328314418	3.092787005412745	2.2719540693579705	0.6232996283554268	7.032038535638885	2.99907683748196
ZN335.H14CORE.0.PSG.A	3.426752577904586	2.482561304727198	1.2932328216003417	1.7805375693401877	0.05876685197943765	7.435630833418604	2.039084144622851
ZN671.H14CORE.0.P.C	4.870489433973931	5.086131359165589	1.2878773000914996	1.4985649185625152	0.5015845461684544	10.253608081414226	2.677476658457962
ZBT41.H14CORE.0.PSG.A	2.264750440317081	2.1224792230919944	0.6045020559097107	0.5424112814737797	0.5430850439653189	4.831606657576234	1.4037992365927443
ZN681.H14CORE.0.P.C	3.6537467822652814	0.8098334936380116	6.211089373668173	2.1794750117272366	3.425777078083342	4.497850911193196	2.0369116484486045
OSR1.H14CORE.0.SM.B	3.15990402172167	1.934079752794236	0.6435763699600573	1.7629858647569776	2.087977365278158	6.614265097938108	2.1304539661227335
ZN101.H14CORE.0.P.C	1.0342013273966881	1.183064391154286	0.13438168865694963	0.38440295598848884	0.18500642580061	1.612773609573893	1.488859562138977
ZN189.H14CORE.0.P.B	3.053855854451473	4.280936827355028	0.9674229440791148	0.24501642248423233	0.5589978939977777	5.871655758622625	1.3583199790634146
ZN215.H14CORE.0.PSG.A	2.2451336970953015	3.675518247549633	0.38981688442978535	0.8860585744535731	0.5485426479639276	3.113876097063423	2.4083473864206377
ZF69B.H14CORE.0.P.C	0.004938405883346091	0.0021777064069897142	0.00045972850335022393	0.00033612466401975046	9.247845107789093e-05	0.008169794545173345	0.008631702355627578
SCRT1.H14CORE.0.PSM.A	4.625867762346962	5.499558763967162	1.7918292235118363	2.1288007580434005	0.5961144644351491	9.226964707616997	2.216324418040307
ZKSC8.H14CORE.1.P.B	5.740493123372616	0.6708034886230775	1.5438572612662056	0.6517984456527717	0.8503450186973618	13.18844215049042	4.450074270392046
ZNF30.H14CORE.0.P.C	3.8968815770496863	0.27473045868502394	2.969738022183565	2.5965081245581834	4.522081202958696	6.887534799575234	2.7550112423644615
MYPOP.H14CORE.0.PSGB.A	4.536659055923392	6.560006183236593	4.291310611639391	0.6655931794661502	3.500351211291654	5.838778449888063	3.905357573726011
ZN100.H14CORE.1.P.B	4.052876222121522	5.889881230984639	1.8571922784544501	1.8950103909035452	3.6227305318080205	6.461475398549527	1.3960890884843162
FOSB.H14CORE.1.M.C	3.0367573073392036	0.6134131487799429	3.9618980498462752	0.26433817148286154	2.7411245055421216	5.3555409199987105	1.7300292032302205
BATF2.H14CORE.0.PSG.A	3.707097005420178	4.392632751032623	1.4206651206640972	1.343275352566032	2.21802592080848	6.414378863152945	3.64329706677929
ZN493.H14CORE.0.PSGI.A	4.398209648461599	7.7766910228018675	2.943107075387297	0.23910215922487654	1.5497238628200718	6.628539629947973	0.7282407776769134
ZN682.H14CORE.0.P.B	5.18023646066346	0.1759756072972671	1.289890482159634	1.9872809673504352	0.5654663100445133	11.640263372039087	4.421486706818133
DACH1.H14CORE.0.S.B	3.295684423869553	2.4098149904334876	2.0210093634905038	0.7883894042134644	0.630662710526316	6.991047820009591	2.32023379559017
ZN480.H14CORE.1.P.C	3.250205977848087	4.285944049139759	1.8439542443833346	0.6204391906615194	1.3247784693274265	5.490559993899895	3.054065800565627
NR1D1.H14CORE.0.P.B	5.533453040610627	4.857842317568606	2.502201239605846	0.672536184249062	1.115842875695972	11.912323525437648	3.202203971166044
ZBED1.H14CORE.0.S.B	4.357639275993557	5.235088417981336	3.641489206517621	1.5587992159583195	2.268659814077889	7.934641274832803	1.652973522128747
ZN528.H14CORE.0.P.B	1.6644768344988783	1.505489706778673	0.9130161152802925	1.3408647691530096	0.42356553196943636	2.8182981667962315	1.8980701951000345
ZN672.H14CORE.0.PSG.A	3.0201389510937315	0.7560993511352738	2.710224452626508	0.6210480333497385	2.647928647373285	5.614838045905901	2.8083446775670797
ZN160.H14CORE.0.SG.A	2.1342237221852485	0.6868980226178297	0.7172284001522399	0.2288740084501893	0.48901799318116307	4.824775404161413	1.6653048659535
ZFP1.H14CORE.0.PSM.A	0.05718560320637024	0.0015596827624588892	0.00355367996610912	0.0009063129444929085	0.0007330201660549548	0.10601773245895904	0.09146026304019073
SMAD3.H14CORE.1.P.B	1.5357316924355748	0.4200336900920807	1.2154977043399604	2.1676908979646816	2.602578338407564	0.9969129770353711	0.17559811043799742
TIGD5.H14CORE.0.PSGI.A	3.9796341525783725	5.499370723079321	0.41253282370484307	0.29689334494583763	0.3842294764190831	7.804198745636674	1.862892975856039
ZN730.H14CORE.0.P.C	1.6604504957865789	2.9458138529969293	0.32483772283711493	2.102221783530131	1.615518590297092	0.08984008578352799	0.8496636436279102
ZN213.H14CORE.0.P.C	1.4576388601735566	0.3467175231516058	1.4310787284495907	2.189674341536696	0.7455481345789421	2.0936075692385274	0.9199774536997904
PRD15.H14CORE.0.P.B	4.048693409179869	8.243921583524664	2.087658446244059	1.6280984039412145	2.2852764793367135	4.254369658468125	0.2410287844249995
ZN454.H14CORE.1.SM.B	4.394189348147804	1.0320969953277088	6.694110517900345	0.052155348842711856	5.684951307123709	5.5065534360388115	2.7080505981044505
ZN788.H14CORE.0.S.C	2.12760484656357	3.8492198657169414	2.4668625896121186	1.3705744469704277	1.3558734813464317	1.5941804326214943	0.005587862468122755
GMEB1.H14CORE.2.SM.B	2.7153780506507736	5.387729220470228	0.8722999752255876	2.1651179410567827	0.2757368809710871	2.4109443471604157	1.9684296219398585
ZBED5.H14CORE.0.PSGIB.A	3.9116419715801816	5.267827490541242	4.475531205048927	0.25183100802335184	3.185595641989556	5.758903312094628	0.805521965298285
OZF.H14CORE.0.P.B	3.7777930622042395	5.753920659522453	2.055855203135887	1.4444968953982968	3.29948676529916	5.838806780944585	1.1096531585529792
ZN782.H14CORE.0.P.C	0.8139854716928487	0.06566511665463756	0.6548497860664505	0.37332509356383214	0.7956647101821814	1.3968401619504882	0.904808015191084
THB.H14CORE.0.P.B	3.498307385071574	1.7278416225558018	0.1194784081343666	1.4551829043974762	0.9536244438469036	7.713138251591215	2.812429029632338
Z705G.H14CORE.0.P.C	2.730677559980345	5.99832434880574	1.069323253929932	0.8342678203791402	0.7018048328177074	1.7676045028428404	1.8174966043031304
ZN524.H14CORE.0.S.B	3.451156192798343	3.1313862296955888	0.7245373263777157	0.8184255684949197	0.29784019721606675	7.409588049963398	2.3391913306303245
NFIC.H14CORE.0.PSM.A	9.011881467297194	5.643436068088926	0.19995880491919188	0.9416425774379861	0.8141049351813783	20.601294429094274	5.425209817330062
ZN775.H14CORE.0.PSG.A	1.8606326064405627	3.435903992409937	0.715438059136117	1.3666205939838114	0.19173667302610142	2.546827131707164	0.25237091135131
ZN157.H14CORE.0.P.B	4.086563442124914	4.897285714446913	7.046472806434248	1.2866427772245683	4.835783206011765	1.2341115478891833	0.02319599027420308
HEY1.H14CORE.0.S.B	6.220971588239678	8.56890030775804	3.8700642706560906	0.38658787876016953	2.7209601304358646	11.451781562244998	2.2590041828218923
Z354A.H14CORE.0.P.B	4.719292374118689	1.930390649343114	3.527905318101435	2.8964691268044738	4.930564164578229	8.877799262631829	2.437720851694964
GLI4.H14CORE.0.P.C	1.5763346904618192	1.024043809255196	0.45360563419470773	1.9541622161578243	1.8789208901573902	2.2835759641238482	1.044389621271782
CMTA2.H14CORE.0.PSGI.A	2.9784374470071535	5.278461611578916	3.885615322984324	0.23274613747282155	2.8844581919830885	0.9109063894587818	1.0307056103079988
ZN124.H14CORE.0.P.C	2.541543290047415	2.887489362014906	2.2291024973312794	0.5388536908688802	0.9458359786086289	4.778565170608083	1.196038010855102
ZN263.H14CORE.0.PM.A	5.077776603671322	1.002309703491064	1.2024424183712854	0.059567925005942345	1.1225334064635224	11.717005849167425	3.701424489814765
ZFX.H14CORE.0.P.B	1.6216182028001638	2.629183366402591	2.035769285593659	1.261446646773661	0.44373190468458007	1.5085604686987868	0.8105624479151462
KAISO.H14CORE.0.P.B	4.470743840598433	3.801742230196633	0.08026311720282227	0.7560455968605134	0.6092836536783184	9.998864793267634	2.132015034522657
KLF3.H14CORE.1.M.C	2.7985549698721948	5.3427334600660625	1.7417234710295542	0.36108814208907625	2.1019141875614555	3.274396464252777	0.37809778919334114
ZN565.H14CORE.0.P.C	3.0280107118419015	2.9869361044524587	3.8068569030129145	0.05029759495724098	2.802399041116554	4.75876188903578	1.047550239286039
ZN282.H14CORE.0.P.B	1.3231376869191371	0.3390950950650271	0.8494742915597759	0.08174920976104386	0.5681459745391525	2.5940816731470284	1.6151889880497954
ZN707.H14CORE.0.P.B	3.183190119092233	1.8802697678985953	2.1057218873485994	3.4283870953226225	1.054050615670783	6.007324603142921	1.968224396629936
ZN823.H14CORE.0.P.C	1.8593711885703739	3.554625318482725	1.8887364915760978	2.010130628855614	0.2896672183637691	0.2511044042807089	0.5943861939823221
ZN574.H14CORE.0.P.B	2.70464839754644	4.722889416319417	2.294686815188688	0.7481023987774768	0.8388179861132837	3.8766482257123993	0.16670761445577417
ZNF76.H14CORE.1.SM.B	8.5093303360508	0.41721571017899245	0.15531664193420655	1.4211209913961618	1.3809201814649745	20.046028356636917	5.33706343463043
ZN322.H14CORE.0.P.C	5.234793183484437	6.714744170615028	1.3945887018862293	0.003497724344215618	0.44649150869309184	10.531231172887821	2.505891897245112
ZBT16.H14CORE.0.P.B	4.09593183723647	7.332414421476272	1.8257039091996343	0.6184431796050396	2.5454046172921445	5.9888650418446865	0.9134487165804027
ZN208.H14CORE.0.SGI.A	4.50046736589935	4.512668905563061	2.648478977478545	1.2271138031315578	1.6065809242434168	9.216747397387996	2.260812770782116
IRX3.H14CORE.0.M.C	4.193612012938502	1.972953038981963	4.437847159264133	1.9247044643360867	2.414013519031685	8.103162112481066	2.5957801180192805
Z286B.H14CORE.0.PSG.A	2.764854400659085	4.510336789598257	4.219983570286755	1.5128252740343302	1.7651840143001079	1.3478349361234145	0.702812864735201
ZN516.H14CORE.0.S.C	4.013577883246521	7.530941590258244	3.460080541597222	2.241618253274281	0.47321868459597793	3.6555550745206062	3.058387604502752
NR6A1.H14CORE.2.SM.B	1.7893736663158246	0.7389256369752901	2.5183073823213005	0.7504328488772233	1.5217747807866904	2.741340544975326	1.3890174980020729
SRF.H14CORE.0.PSM.A	4.370559545866342	0.6923869424873479	3.3799182020648826	0.32287009029000113	2.562440390119546	9.283516459544828	3.139024375541607
ZN317.H14CORE.1.P.B	6.982216665715517	7.65085859651246	0.8937153342748245	3.332092555134802	1.0458572805574897	14.404915462224576	3.670897072693524
ZN177.H14CORE.0.SM.B	5.460429485187233	8.354936672334851	1.598192649535809	0.026578902397019977	2.153552772025671	9.89487279538656	1.997886587277538
ZNF83.H14CORE.0.G.C	4.892019363108594	2.9120210098581403	1.700913963508205	0.005495529340480722	1.6410721965846562	10.905868042322293	3.2537732110999236
ZN320.H14CORE.0.P.B	2.3840860248589446	3.9145819667393567	0.9951371529418013	0.26316649928653013	1.1143112827535655	4.0018667383632165	0.680487680449688
TZAP.H14CORE.0.P.B	2.3805095098309415	3.2942344313423173	3.2342476191437712	0.7063152375286929	1.7926877987174636	2.2358370826135845	1.9942509344034933
RUNX1.H14CORE.0.P.B	1.4849999844384818	0.47160894991685576	0.3386041279048391	2.8822001586624624	2.007527259200925	0.6457167742979976	0.3742837987134399
HXD10.H14CORE.0.SM.B	2.9289257731326632	3.8969492164282946	3.740468483296858	1.6948162086145568	1.1439451108755394	4.206895399866004	0.6444673258389404
P73.H14CORE.0.PS.A	4.450542236782401	1.981679199972826	7.342245197121817	0.5144172530760239	6.293477799448601	3.995008934164055	2.2750287724721043
ZN275.H14CORE.0.SG.A	2.7533520230181328	0.8884540275934733	1.6241641011662562	1.406645170164152	2.1623229575473015	5.630911795258034	1.9227495249838769
ARNT.H14CORE.0.P.B	2.539164281248735	4.771470871846034	0.8200636629733739	0.11160915284897789	0.16662612336694962	3.893066180397381	0.220244495663668
ZIM3.H14CORE.0.P.B	1.9966181606512596	4.519383149511942	1.0053606006328863	0.0011318900230342342	1.1417446489593464	0.9583199805143323	0.5112447335687703
TCF20.H14CORE.0.B.B	5.003618963100611	1.882308639354555	1.368284866367467	3.7551412082844835	1.9763730365797627	10.707240103550319	3.485656404341827
ZNF12.H14CORE.1.M.C	3.8151830200542447	7.811245730475865	0.23563901820226302	2.646603809355241	1.1642933515174227	4.223982662219871	0.24601420176321226
ZSC31.H14CORE.0.P.C	2.697411818762742	4.702870342223735	0.3995399641746775	1.9873204225063985	1.5021415230031163	3.8819691864765113	0.3224982165392575
ZN584.H14CORE.0.P.B	4.157223335364839	0.7708254044465007	2.6127415203917916	0.49945324157428056	1.72233856236097	9.047454622939895	3.3469547780066016
ZFP69.H14CORE.0.P.C	4.131509802439332	3.284320029737888	1.9630221146198863	2.8444587698704313	0.19031637293034093	8.53581027550987	2.605533060794176
ZNF8.H14CORE.0.P.C	3.7494654762430204	1.7018768388985694	0.009878234028039126	2.557489623010661	2.221517217071101	7.889367134073394	2.7814492799968353
SP1.H14CORE.2.P.B	6.612272927010398	4.030988960080543	1.419699754461186	4.6883801534535205	2.983491442672346	14.058525383568913	3.9426177301752445
ZN214.H14CORE.0.P.B	2.5426360431992148	2.0259368779819122	0.0006926982451378776	0.3471075939428287	0.08509000600342895	5.643329021734773	1.6464146310113386
PAX7.H14CORE.2.PM.A	2.8781134568198903	2.312233518535674	0.9003381524786921	0.7015286882592248	0.4123444754530269	6.167257741288102	2.2015792682873037
GRHL2.H14CORE.0.P.B	3.8958116080850993	7.819440298441365	1.1112336271875587	1.6833715358462453	1.1373684719988901	4.94894989495275	0.2571962820788546
ZN436.H14CORE.0.P.C	3.9856295783215265	4.529807791956345	0.08943942798209675	0.7226715524803629	0.1646960670736259	8.354896783579575	2.104904163770926
ZN721.H14CORE.0.PSG.A	2.35052117545889	3.5803530063899105	0.952830484281706	0.8100819906742331	0.9366726093033548	4.15534375172507	0.788932881750791
ZFP90.H14CORE.1.P.C	5.796601581640011	6.424526661347187	0.5746318564899262	3.0955934563820287	2.2501782641707786	11.752481310870492	2.6892334883146325
ZN133.H14CORE.0.P.B	0.03813896841190585	0.001571912975738895	0.005220324360994414	0.006146164125684594	0.009091680741572301	0.0695248879172622	0.061185118617474506
FER3L.H14CORE.0.SM.B	4.502867563646363	0.38570474080140954	2.827004641779407	2.5352627443949087	4.230552653024082	8.9490947318004	3.017075559353564
FOXK1.H14CORE.0.PS.A	10.626866161081567	11.412908453731472	0.5905987687643349	1.130201767742225	0.3099647176149621	22.926525438460594	4.46983414814992
ZN841.H14CORE.0.PSGI.A	2.1232555387637455	0.30577659093556	0.9065951190340982	1.214486360506519	1.5960605972756299	4.4660277602825875	1.4717608359641878
ZN669.H14CORE.0.P.B	3.39575751265086	6.119484329944445	0.7876392312185926	2.2197399882311633	2.7225760989591214	4.294135792388472	0.5824792287374718
MTF1.H14CORE.0.SM.B	5.274527212868461	1.4681783365060315	2.0328116611364972	3.741288714303257	4.475967577183892	10.848759601931073	2.9847681889948188
MYNN.H14CORE.0.P.B	3.2053377036557684	0.34512180125676467	2.555567208211206	1.4451125518676218	3.2393424085050553	6.022530919820364	2.478414361276032
ZN668.H14CORE.0.SG.A	1.5554427383702178	2.8783069644072494	0.8534020713373015	0.3907547373470681	0.6580514108907285	1.9902330584618804	0.9781196482255106
KLF10.H14CORE.1.PSM.A	5.069543772093409	2.5383680917252436	7.19714873832718	1.1636083837595281	6.528051239701635	7.035827824135479	1.577045079421817
FOXB1.H14CORE.0.SM.B	7.199241572105211	12.621561829170108	3.2996092439548264	1.9487757479511298	2.42624185600049	11.388208433461932	1.1864077407142994
HNF1A.H14CORE.0.PS.A	17.505791585802218	33.503662256494174	0.6743339872448725	1.879303893932572	0.9791393931789562	26.62411648312592	1.5595665313138543
ZN205.H14CORE.0.P.C	1.867170576466839	0.19467599363606297	1.2433247195930637	1.6099857697753206	0.2052285004945285	3.8282179703656576	1.429956266452533
ZN432.H14CORE.0.P.C	4.646952302703665	7.272223688886539	0.6184500673198178	3.637017046924101	2.5853949484325764	7.439145798186293	1.0218738224345478
RFX4.H14CORE.0.SM.B	5.0590514816297505	8.694260439196048	5.410656971180678	2.742306794745138	5.990408232505428	1.4271910025713253	1.8045848309045591
STAT6.H14CORE.0.P.B	4.980391957721852	5.668521831679934	3.7560841542012895	3.7159262785746647	5.516351038282016	7.577737273570992	0.961861379277193
ZN329.H14CORE.0.P.C	2.487541293571172	4.497319477590467	1.371938750740156	2.997682453469013	0.7983187639035763	2.2979874494766808	0.3389873824267124
ZN648.H14CORE.0.PSGI.A	4.389509729270384	6.134015282730897	0.30037757540724663	1.3634779307200453	0.8473839965238258	8.58328912826202	1.2807887566285452
ZN749.H14CORE.0.P.C	2.6646354314862375	1.9474587064131275	1.6800141065560807	1.6545485680245926	2.6619929172112125	4.612110143798015	2.2116400817537922
ZN692.H14CORE.0.P.C	3.500470458921318	6.628673794927976	0.7297144680247296	3.429587946522905	2.5330161214404123	2.353443844015803	2.30889996252054
MYBB.H14CORE.1.S.B	8.296506942574537	5.760935790320876	5.247668451295518	4.639557320692716	0.730905327933085	17.824310219762268	3.535535290940617
ZN532.H14CORE.0.SG.A	5.168735176105842	4.865397669252883	0.31745501410835936	0.8640706051809022	0.9538812009706403	11.177221299285748	3.152028621192954
ZN878.H14CORE.0.PS.A	5.387157410567874	4.414108186646374	2.733907751809733	4.757541595057992	5.4906026571777335	9.4840883502529	2.107447677992835
ZN497.H14CORE.0.SG.A	5.823470430233336	2.738716801313257	2.6386602831719914	4.210329638097546	0.7979018614240692	12.48805712810884	3.833882552480033
HINFP.H14CORE.1.P.B	5.08158786910713	2.229001177034128	0.45242421798407906	0.9290501912223277	0.5560975618911471	11.760200054236527	3.207396707095354
ELYS.H14CORE.0.B.B	3.582824513257989	4.867421276432401	3.9102220823479086	2.709310720997009	4.765901099463036	2.779489957129216	0.5083503188860584
SOX10.H14CORE.1.PSM.A	4.293000062814761	7.782247182136714	1.7621068051223925	1.9178552472403936	2.200193439596518	6.174754982171217	0.5138935965474126
ZN433.H14CORE.0.P.C	5.136682347394173	7.827403953617982	2.3804685721234913	2.6174270928722847	0.6430499360896806	9.041390731621108	1.5384946485290556
TBP.H14CORE.0.P.B	13.234159296669574	1.0342688844014003	5.039943866141268	2.940746136641723	1.394525772125289	30.75406169639969	8.245125022909303
DMRTA.H14CORE.0.SM.B	5.861044180824959	8.12761987196021	5.158295217220395	0.7021341752141333	5.582103219392134	8.9141804655438	1.526216525325625
SOX2.H14CORE.3.S.B	2.7875839090468406	4.261795315496486	4.264497842386639	0.3919404825095214	2.74141256886556	0.8385656255017558	1.3794022684177658
PRDM4.H14CORE.0.PSM.A	5.42500294880473	10.073860503230396	6.040610956256828	0.9453789968559227	3.4722519243258256	5.050940492185338	0.3873255408135491
ZN649.H14CORE.0.P.C	2.5960744464889225	5.404399711391735	1.130991957922268	2.4609029162029854	1.40111779176907	1.2739748043807912	0.5556528676389788
GATA1.H14CORE.1.PSM.A	11.268247949139015	15.460015583947358	0.35532904877775234	7.820015775390611	4.342161946745883	20.7617396446076	3.4125181759598386
NF2L2.H14CORE.1.P.B	4.730457817365446	1.3727487998946486	3.7745804474773825	0.9077443272739388	2.5833586264622417	9.854579640789508	3.677092424168096
NR2E1.H14CORE.1.S.B	3.727342987852346	3.9863589310400194	4.98564461343709	0.3797265901471661	3.302921976763079	5.538160505466125	0.941327309612019
DPF1.H14CORE.0.SM.B	8.23821537981194	8.659215044546169	3.2898097920364138	1.7912719159683483	0.7983118399830641	17.358235718962685	4.031128633978395
ZN154.H14CORE.0.P.C	5.897417946867613	4.229202813490171	2.8442803878388245	3.283098562599396	4.611338462901098	11.167353512743091	5.093935630550387
TYY1.H14CORE.0.PSM.A	4.296376663337874	5.3335149305252125	3.021000426304623	3.422702359025599	0.2945757153923139	7.809409722947028	0.6258937596267893
MBNL2.H14CORE.0.B.B	1.3238821815369273	2.4097458075790006	0.9794730427676298	0.6102759821910068	0.4202360530692317	1.7761808794971035	0.21421543703311027
RBAK.H14CORE.0.P.C	3.920920671253309	8.142623832582242	0.3733093076069526	1.8326690470659721	0.985626642797855	4.633364219999109	0.0427905743369468
MBD1.H14CORE.0.PSIB.A	6.682295757031625	2.490072673909937	0.4594897910548124	0.6730415865694193	1.1685137861842374	15.662610129833906	3.7909235276236197
MYB.H14CORE.0.P.B	3.307509386061165	1.2819054094273323	2.634257718110876	0.1356538874265358	2.1214883190125216	6.633854550400461	2.9202695027002274
ZN75D.H14CORE.0.P.B	3.272209115913459	6.979329901345671	1.662715074306209	2.0375847509079836	2.395541017562954	0.0038168319680974587	1.6964859997342738
ZFP90.H14CORE.0.P.C	3.0402227614625965	4.070914442164361	0.5334442358972455	1.681595141577304	1.3327249503817655	5.697347746305225	1.2398105225321534
FOXJ2.H14CORE.1.SM.B	2.225408257344997	1.6846550851218618	1.3960447565349878	1.855969687893232	0.41377987627989904	4.250572527722422	1.8012339301875018
ZN266.H14CORE.0.P.B	0.43696606680149785	0.14865859433900033	0.11136219023415272	0.6927899316410943	0.6069440328288517	0.3446431820823783	0.37949608009245855
ZN362.H14CORE.0.PSGI.A	2.4877370421538147	1.875609786315213	3.7642059110370782	0.6805609527277504	2.3179257505938518	3.65651403517344	0.4897115979362413
ZN793.H14CORE.0.P.B	3.5048798630825138	7.244793370982053	1.8396541321616118	0.7759438221132102	1.468375521991729	3.8770223304818763	0.21028831143872823
ZN875.H14CORE.0.P.C	6.332774727684858	0.8633527909512135	0.7676736940085124	0.7527468929472724	0.14934043736345276	14.595326675613547	5.067249978889747
ZN121.H14CORE.0.P.B	3.212521350113304	1.4905755939764376	4.935655882839109	0.27780527530131266	3.698282214269437	4.426535477287485	1.4108729621722442
SUH.H14CORE.0.P.B	1.9804720726884257	3.7681573285109597	1.0351205066329512	1.7999621783170612	1.934061182492303	0.6532214335386858	0.9251912917338015
ZN713.H14CORE.0.SM.B	5.799884638576583	6.709183895040985	0.7068617626671225	0.6541327290867469	0.6529261568730571	12.080607762649663	3.086078859523648
ZN557.H14CORE.0.P.C	1.150655820380378	1.290602952818139	0.751373198045557	1.5602511395850471	0.5676359353284806	1.672526855476781	0.39986870513158945
ZN605.H14CORE.0.P.C	6.808982941432355	3.318148586903131	2.5556955488189583	2.85545687745636	4.000683872372571	14.757476319075968	4.323145806414321
ERR1.H14CORE.0.PSM.A	4.592024825234269	8.083241593328381	2.7313502755263586	0.27376482100137056	1.8357464474711045	7.042943645092045	0.8204362285466972
E2F4.H14CORE.2.S.B	5.570157189231363	0.2937965414589328	2.119889539460673	0.4037161376758809	2.5470453634095365	12.768640089491	3.4483419307174734
HNF4A.H14CORE.0.PSM.A	16.056539263999632	33.258707818518616	1.488579556851523	6.878421773275328	3.3379107902085705	19.493769161596436	0.23629071804958152
ATMIN.H14CORE.0.P.B	2.747730642040702	0.37416855790739023	3.668764394350686	1.508650354722341	4.1631360502035415	3.0281684872730357	1.7096127466923443
BATF.H14CORE.0.P.B	6.2839857663886844	7.025114893259011	3.9083216025000436	2.0898483262572163	1.0622930752811035	12.580699772564163	2.921250808994191
ZN429.H14CORE.0.P.C	5.453598458812858	8.198607564102721	1.328266644179716	0.17039757777388015	0.14525257306887224	10.267738775619803	1.9980904440821272
ZN506.H14CORE.0.P.C	4.026530779400369	1.267931638979836	0.31621190917012765	2.9554285692888964	2.099853318937011	8.314316089055655	3.6466787730995245
ZNF90.H14CORE.0.P.C	4.135679270900517	9.622622643445581	0.9831663614274594	1.3778751446393052	0.5199550875970557	0.9479354672674754	2.4482852572171407
AHR.H14CORE.0.P.B	2.2509595399744606	1.96129207362585	0.24147853601912705	2.1287370158651795	1.7475467911494103	3.531663942291853	2.5372905531158754
VEZF1.H14CORE.0.P.C	1.8914587455431127	3.6773693677234287	1.2475067302801701	0.7639216698990448	0.5589490282988409	1.751332144942613	1.5566675919724695
FOXE1.H14CORE.1.S.C	9.510949684366238	10.68656541331885	5.650600027257446	5.2071037872990695	1.5662654025160963	18.79300714698137	3.7246191215716205
ZN267.H14CORE.0.P.C	1.8246715738438304	0.7415219450295873	1.6067928388081774	0.8824598325447355	0.5721370345860202	3.587514900245342	1.6936885164263562
TBX5.H14CORE.1.P.B	2.9751044601765213	5.888038688373146	0.2401588798149018	3.4695635992585854	1.9097711742608718	1.4688882481808305	0.733534741821264
ZN568.H14CORE.0.SG.A	4.636748204030122	3.2213621565417934	0.407941720391762	0.49196127335477124	0.21307882495963612	10.347278884258559	3.3315768137435335
ZBT40.H14CORE.0.PSG.A	2.172460010282062	1.2794144960278795	3.431390023574256	0.1494319587115303	2.815671735110548	2.203741812998462	1.4489102189489385
BARX1.H14CORE.0.P.C	6.142986748388378	5.539245786345841	0.573134101335218	2.994597498367119	3.2516868992368573	12.843046638361159	3.3047029734263202
SATB1.H14CORE.0.P.B	1.7585764601797627	3.3493162031496047	0.2352243213266694	0.9363834648234188	1.0296331208382732	1.8339490444327826	1.4078245748204705
ZN724.H14CORE.0.PSG.A	3.4042809490427053	3.250763191029351	4.430677676136378	0.9043694080208394	2.6214007313761316	5.518399193941682	1.0927264990868217
ZN274.H14CORE.2.P.B	5.378639045862014	0.3271688562272918	3.7370068298217576	6.285085155909749	7.9152757717461615	6.915408234646786	3.0869939092521173
ATF1.H14CORE.1.P.B	4.601371665819827	1.1390550682417193	1.1064029906739323	1.0513033610168752	0.2357430555781071	10.58526620035451	3.362362136696683
NANOG.H14CORE.0.P.B	3.097365829298623	2.465614079848885	4.157486322958834	2.3856808935309166	1.7347949273469372	4.8689700524174	1.3380018795416593
ZFP91.H14CORE.0.SGI.A	4.329999933498484	7.2181663230009745	0.2227098378226335	0.9213036679187673	1.5591280580012776	7.402952105397667	1.50282772852835
PIT1.H14CORE.0.SM.B	4.289242861551838	7.444983245939035	0.756716433364302	4.645645566274599	2.2910101100277713	5.237596114664278	0.34938166431741385
ZN507.H14CORE.0.I.B	2.1769218907267063	0.8051315989254653	2.455699095987295	0.9282323279301613	2.6413880973164336	3.3308700963083924	1.6798799464809027
ZN470.H14CORE.0.PSG.A	3.55492619309705	2.4014068491275458	1.821353188785997	5.272311826186553	5.374362249669669	3.160933394529196	0.26149116427982577
HSF1.H14CORE.1.P.B	5.05912110212681	2.811680157745338	3.878732282337663	0.6702793879485546	2.2153071195073837	10.673983918465279	3.365610753651914
NFIC.H14CORE.1.PSM.A	6.4197217367584205	11.593962320289112	2.1639414880746806	0.010811144904619832	2.9174710271207944	9.919796401942978	1.1226055787374787
ZN431.H14CORE.0.P.C	2.2346905220376487	1.065561471141274	2.3355544311284144	1.0001040184956898	2.3276193373443363	3.956495125228428	1.1405880600892875
SOX9.H14CORE.2.S.B	1.6457359003709024	3.3001104290653203	0.7155811831128043	1.7721292652030172	0.6709045769357618	1.0167125477907475	0.47290079317912215
ZN467.H14CORE.0.P.C	1.510371732735732	2.364640709875212	0.8009989624577485	0.6100446985042531	0.4921140094238588	2.524217455479626	0.6842566087608368
ZN296.H14CORE.0.S.C	3.0481697327304396	6.26986226355504	2.895564174484965	1.2533567475214675	0.8415283306440242	2.386530635096692	0.27922407597179916
ZN771.H14CORE.0.SM.B	2.9850675380088414	4.122080746727781	3.6428316680641495	1.209456958807945	1.6680764944228548	4.323127452742595	0.517011310648437
ZN184.H14CORE.0.P.B	1.1286076014221174	0.8412896343480413	1.6037582147218288	1.2267123441636913	0.2885806974412635	1.6017714563326735	0.4571085814072429
HNF6.H14CORE.0.PM.A	3.3510908656952383	5.364604503891364	4.390540381709203	0.09384437136041389	4.187599715206798	1.2730272129615263	0.3970355003132212
PRDM1.H14CORE.0.S.B	2.2351137596898023	1.5063395740657206	3.4376517496978036	0.17826855229409364	2.4159072845138585	3.1002646918778214	0.6386421565499694
LHX6.H14CORE.0.P.B	4.49525311434478	9.674781134692697	1.171723267344319	0.49258039721381436	2.349622330735129	4.52117063863491	0.2552125863941661
GLIS1.H14CORE.1.P.B	3.7563752134762862	2.723258414663769	5.834593191126965	5.114022166417733	1.4679211361556257	3.6232855302857283	1.3293987938047942
ZN329.H14CORE.1.P.C	4.1555011883055375	0.3483135888688702	4.858128630164367	3.4737988027181474	1.514193327552153	7.650007760112926	2.6464554271480796
CEBPG.H14CORE.0.P.B	7.556791421013943	9.498811225732931	2.5499027844452007	2.8540144459460404	3.51143571068039	14.763310879430856	2.7331727426923966
ZN239.H14CORE.0.P.C	4.479945672350633	1.6346159349539895	4.662769934012723	0.3584784534070645	3.4083892839018524	8.343157633711725	3.827817006833551
ZBTB2.H14CORE.0.SM.B	5.098257593983832	6.1252749712496755	1.873367401357465	1.272561359901455	1.193620640045284	10.259602489934618	2.5731883287601334
THA.H14CORE.2.S.B	3.600046291538515	2.648513561375296	4.087686069425907	0.32730401862387837	2.7957546184114332	6.577566955676939	1.6883244525162824
ZNF7.H14CORE.0.P.B	3.7782208097728427	6.368342988818407	0.17561487729819758	0.18123480972829298	0.6518437546857162	6.594160474043985	1.059425892556111
MEIS2.H14CORE.0.P.C	3.5123658251657344	2.591184624089031	2.0121054611357807	3.241618347315562	0.9367624761427532	6.944567305998562	1.9091483656329817
CUX2.H14CORE.2.S.C	1.3687209441653714	3.0676977470615676	0.281305774492435	0.7322099746114213	0.7411077523922202	0.22108152771313358	0.7850035301958752
ZNF77.H14CORE.0.P.C	5.862947725605195	3.1813758118202684	0.2832915804066491	1.097224388416898	0.6618679709909554	13.253042362938867	4.33110004272559
FWCH1.H14CORE.0.PSGB.A	3.9137671197095685	2.6664237324970115	1.2447304821333491	0.25012601418497304	0.7996374060538045	8.88358090180875	1.9042784109550506
ZN749.H14CORE.1.P.C	2.7126827878126187	0.38578699886166834	3.7878791903522546	2.2900173668811314	4.921685729185364	0.4334247658504191	0.0002990621346855793
ZSC25.H14CORE.0.PSG.A	2.994569181166248	2.3866400896626785	2.571290523328468	0.43989447304693624	1.4179450509711722	5.9972432937532005	1.82375414251529
ZF64B.H14CORE.1.P.B	5.239279996574798	7.13198770263208	1.9601228220604499	3.154062722774856	3.4240757160358255	9.27285958990809	1.5279620690648033
RLF.H14CORE.0.PSGI.A	4.211043485300953	1.4647852997727147	0.8597227058834183	6.704458898866908	5.959532018919688	4.519490942794066	1.618954882635589
RFX1.H14CORE.2.S.C	2.694034197903233	3.54141150251727	2.099267653284583	1.2581454668203687	2.4608164146243934	3.773238506029296	2.173137174914743
ZN716.H14CORE.1.P.C	5.245419089467625	0.017510548230784663	1.0643190244674774	0.30761664372891584	0.6667400691399997	12.121203565454396	4.060874381864736
TWST1.H14CORE.0.P.B	6.819235198951729	1.0880651539786277	0.5221115174517781	1.6923755152529107	1.9989745568323216	15.729453860094308	4.824890991043094
Z705E.H14CORE.0.P.B	8.046346992044462	9.24046633724495	5.343477605409155	3.203753512098005	2.6137309064652823	15.757408458194817	3.02186718982648
GABPA.H14CORE.0.PSM.A	10.111538835371176	4.517776915645185	8.93762287239815	5.559224471586104	3.133241125267182	21.26390915357678	4.504651560381992
ZN550.H14CORE.0.P.C	3.4996276281390113	1.411363874338285	1.9392617952124014	1.1437660672570562	0.5901108989259918	7.70505784238064	2.5898511296162128
ZN407.H14CORE.0.PSGI.A	5.164859821082065	0.42807604573645297	1.8328810917580614	4.8675202800639035	5.080647741753443	9.904704937254378	2.983797007911334
ZN850.H14CORE.0.PSG.A	2.7913092760292693	0.8375803212274243	3.090607979026268	3.3946668789225622	0.035988135650865685	4.672191082969868	1.7721790235778552
IRF4.H14CORE.1.S.B	0.8202096930545116	0.036558169052442	0.020632068086922774	1.5187773820157926	1.3011774835064032	0.1811170088029005	0.046373601767990845
ZN728.H14CORE.0.PSG.A	1.4062897917880945	1.1564335755753528	1.5809016262000566	1.4564820986217506	2.335773761609341	0.6313440939633256	0.23139310809485236
BCL6.H14CORE.0.PSM.A	3.4693780879601372	2.535181354298277	0.032759766442513695	0.5591631690301191	0.18377920852065688	7.447669006892333	3.158651028290349
CREM.H14CORE.1.P.C	5.456984291596899	2.6367084206724916	3.795919154827194	3.189102162085205	0.9897407599689944	11.607759028971168	3.379467824963039
ZNF8.H14CORE.1.P.B	5.649327764090561	4.53218168783494	4.352790883483566	1.0689052011512095	3.809822489123785	11.259512257400095	3.0932254666671697
HSF2.H14CORE.0.PSM.A	1.7996231894098873	1.4021389173447178	0.3864566261809884	0.11119597941442493	0.4102037722169384	3.5593101361630044	2.1135749690388166
ZN180.H14CORE.0.P.C	2.2559711191268232	0.6688778896237478	1.7968635024002062	0.6703181039094793	1.1944461684516317	4.644278807303451	1.8479622330542878
GLIS3.H14CORE.1.S.C	2.374281210622783	0.8730068601560985	2.620181513279675	4.827122314714533	1.5744777135529773	0.5114690010871135	0.39253663717302933
ZN646.H14CORE.0.PSG.A	1.6992414734642654	1.9100604386597375	0.5520980191727197	0.5515854279117675	0.30345155825098685	3.414938113618372	1.1459732790975612
ZIC1.H14CORE.1.M.B	5.612165271818575	4.746479075729111	1.2000601435187663	0.8639195305267754	0.6160222854075322	12.328965827820921	3.4467299676536665
ZNF43.H14CORE.0.PSGI.A	2.1834301973821177	1.0052922931099675	1.6578210054184357	1.9230168415228066	2.840528013217784	3.292809976947864	1.4953363399265953
ZN580.H14CORE.0.SM.B	6.532398194437569	6.977866201881369	1.0777182871377355	1.931077891247663	0.10106598404774032	13.876178739489573	3.1454174636919663
TF7L1.H14CORE.0.PM.A	4.206086357077532	1.3312345222484236	3.6304206904213427	4.243692983042726	6.122483956289078	5.445547455947252	2.4590868004566815
ZN534.H14CORE.0.P.C	1.8597487842452822	0.086945059293682	2.819189886760934	0.6758140018663606	1.8075339100346468	2.738500979852883	1.254317011110492
NFYC.H14CORE.0.P.B	15.191233796209774	11.482465936556912	0.1884171306995127	1.8332979950833814	1.7053041769131814	34.58315941649874	7.105984900474068
ZN615.H14CORE.0.P.C	2.3865538248726383	3.9953299127339337	0.9635850319094938	2.247522964743223	2.1807691488102425	2.733938509809929	0.03382892115203892
ZN618.H14CORE.0.G.B	3.2614684408317163	2.5941964652816387	0.00938256809930077	0.3210487650116461	0.44143228769411597	7.184682771016838	2.2749755418252615
ZN131.H14CORE.0.PSGI.A	5.5793194794863865	1.046447899996627	1.0392248256253742	3.262452202875705	1.5358934729139102	12.290067925115077	4.533151325438356
ZN529.H14CORE.0.P.B	4.350293050809123	8.556634235484271	0.7697459773177229	4.2580909387440835	1.9282145312104744	4.216909407542751	0.33185054714779194
ZN479.H14CORE.0.P.C	4.570441566549206	7.970390111591642	3.9912063419640678	5.584744547379336	0.3299654790692116	3.8027417839135325	0.3430395492797772
ZN292.H14CORE.0.PSG.A	3.5486326239802004	2.3319629732842007	0.31808534352191653	0.61347334199427	0.37531272341768024	8.000628710354631	2.3431309102736972
ZFP41.H14CORE.0.SM.B	3.248852232716445	6.079020493708374	0.739828277426543	0.8638949372567334	0.46964853553631325	4.958397287812901	0.5251866942468262
ZN569.H14CORE.0.SG.A	2.9341667903472337	1.7245020342789719	4.014655422790046	1.9375353723291167	5.133134110704273	1.4492922123545258	0.6009043660982396
ZN274.H14CORE.0.SM.B	2.7809418588914947	0.37085954235287727	3.1665171129593457	0.025780214799858092	2.62352794783248	5.187046609761386	1.5647499046238662
ZXDC.H14CORE.0.PI.A	3.690168867560057	2.4088936133000005	1.413348563593372	1.3287113598705453	0.3920553361458276	8.202297963956083	2.1695349433185696
LRRF1.H14CORE.0.P.B	3.247332384393552	1.941523795806147	4.059753531818705	4.370654699918285	0.22214274033898107	4.725442664437128	1.2402072494970182
SP140.H14CORE.0.PSGIB.A	2.4265968563785436	2.4606777964273077	1.620610900466938	2.951876057745586	1.1457566854062964	3.9928377545015707	0.8245210340293168
ZN787.H14CORE.0.M.C	3.1650932226356656	2.0050395711306623	5.804023799477031	0.8879523852735712	4.316342936510649	1.660783298206259	0.4717390735040502
TEF.H14CORE.0.SM.B	7.537409716496946	13.538357920971828	3.7838529264400433	1.0826420893621949	1.270165403924187	11.843446218636426	0.4668413649923989
ZN768.H14CORE.1.P.B	2.3750136608182757	5.540336747959264	0.7559113276435726	1.1522142548948024	0.25852834116105744	0.2289675045112992	1.06327108862437
ZN708.H14CORE.0.P.B	3.9854942908172206	0.865327834458258	0.3019204101473455	1.3339395645439556	1.1084540531869904	8.962584544760444	3.3360235889164573
PURB.H14CORE.0.B.B	5.519579977069291	3.4518197023500363	0.07755369498680235	1.5237077946389879	0.9146918196616771	11.998334478828653	4.8739232731136966
ZKSC1.H14CORE.0.P.B	3.428119045088181	4.769336110862788	1.6052100404685206	2.4864653242899215	0.1485569575000526	5.515170886731599	2.9269516605177146
ZN888.H14CORE.0.P.B	6.886979146944774	11.057750550571319	0.35379026626440396	5.801921955297351	3.5839301651366413	10.653440554251727	1.4768975538730444
NKX61.H14CORE.1.P.B	2.5905947327549903	2.923261684020242	1.605866798618473	3.5751416641383957	1.3009604269516235	3.7567067859964176	0.7455451300876844
ZN441.H14CORE.0.P.C	4.938292929119868	4.941387529347953	2.816211126746277	2.887789996190201	4.961307881651974	8.771014290845482	2.021748710476358
ZN551.H14CORE.0.PSG.A	2.247709987832024	3.7210536699732155	0.3646260970259446	2.016830362742013	2.1797227092499813	2.714630640457615	0.3820905855108664
PRD10.H14CORE.0.PSGI.A	4.227396519758667	4.64395908024071	2.0358842718136994	2.8662045689646356	3.3917665195854196	7.273442724670261	2.9819338491731315
MYCN.H14CORE.1.M.C	4.427603417634278	5.802182002403842	0.7049127553118201	1.4301459270287376	1.3576105350010832	8.823835247418684	1.3081750458286971
CASZ1.H14CORE.0.SGI.A	5.249656631657007	5.306369579026366	1.3198332073347092	4.8042011511020135	2.109970524675487	10.088502190223249	2.4786387272077217
ZBT8A.H14CORE.0.PSGI.A	4.009154349377545	4.510019028987234	4.835810933828755	5.44838584136851	0.3558116423341458	4.71853276840862	0.7990687488829521
ANDR.H14CORE.1.S.C	1.894054534376687	4.271930842160755	1.2551647746241497	0.3224203078856684	0.9133783992831433	0.26541788781583103	0.8313616139256131
TFE2.H14CORE.0.PS.A	2.062514648815182	0.08814404542305061	0.2522139205802731	0.060276310921509625	0.28730660041841344	4.6887206491761555	1.8390593200525411
NACC2.H14CORE.0.PSGIB.A	2.269433228629027	3.9389158847991124	1.5941307400246667	1.003574753478306	2.1850433459779897	2.116887330979558	1.6071288777616948
PRDM5.H14CORE.0.PSGI.A	4.5371058200377385	5.708819650610078	1.1656128198565434	2.9185591118394427	2.675456593464246	8.45247863114097	1.5627699771908805
IRF7.H14CORE.0.S.B	1.5057825112408951	0.6681371635016246	0.3290526117582403	2.819908823426356	1.9086948823324519	1.072546734178875	0.5515836410908371
ZBT12.H14CORE.0.P.B	2.518194232691344	1.797455028480935	1.3795149559131696	2.0573943722077064	2.9656948679518975	4.180520165326775	1.5520762104575219
TF7L1.H14CORE.2.S.C	5.478589795263162	6.932104828981912	1.173976822933264	1.5665073215796812	0.2731902701529138	11.08535906293346	2.289893941072627
TF2LY.H14CORE.0.SM.B	8.642458353593849	11.060366904627873	4.179344885023522	3.990365279797555	0.46153717820643625	16.784145044963488	3.241962693371377
FOSL2.H14CORE.0.P.B	7.268648141024013	10.548362633088884	3.0990043812237364	2.374178940012732	1.8206776151585238	12.238474211905222	6.115214529439895
ZNF14.H14CORE.0.P.C	4.045256463335139	8.093322354253468	0.5644476855128652	1.4799118959981772	1.5066436124838471	5.279566943102809	0.1737524207870244
POGK.H14CORE.0.SI.A	7.095994133538243	10.689440586819048	1.8416191601069305	4.949415158567576	4.440688207958959	11.766972273363939	1.3360526243257187
ZSC21.H14CORE.0.P.C	2.186475882483679	1.1190776507868998	4.125280389758148	2.978469304243384	1.1468481274406344	0.19637033252145233	0.4343803566623365
ZBT7A.H14CORE.0.P.B	6.391696521437598	7.664861474581181	1.416887048994753	3.5180984509613045	0.9105821644635369	12.873765995018454	2.3291648107053664
CGBP1.H14CORE.0.PSGIB.A	2.0449260034694055	0.627946191790508	1.0883732733621287	2.566130891463638	1.0530620797532777	3.745664764697966	1.336970205577074
ZSA5A.H14CORE.0.SM.B	5.886598133768741	6.601069845183793	1.0599093939823658	0.621048155760234	0.8426848604507146	12.391523504208482	2.9272890471105866
THAP1.H14CORE.0.P.B	5.275594183722904	5.0567365296689895	3.6063275390866716	3.5866499296818253	0.7651850995288539	10.329739351779864	2.874386937763393
GLIS1.H14CORE.0.P.B	1.91487869628948	2.0633484765008765	2.8733564795106217	2.489520821606253	0.6174488770257943	1.4490529381920112	0.8990365290472031
STA5A.H14CORE.0.P.B	7.021863611542456	0.4445199415684239	1.3168541220450038	0.13447822481677912	1.2259482494504423	16.129231071233956	5.677550551504243
SIX1.H14CORE.0.P.B	1.707215402417504	0.5552473283726581	0.15196338330279954	2.6905010421425555	2.2346347910050097	2.0544058219651333	0.8385358237518145
ZN331.H14CORE.0.P.B	4.390567430647661	7.065277323277479	1.8544428610850938	1.3590418081861606	2.0762610674751665	7.463860610399493	0.6620591592535079
ZN425.H14CORE.0.P.C	2.5979239291919596	4.199789892488529	3.2739636254693587	2.8534423441480445	1.0020062613778022	1.7281754573754713	0.07375173605771757
ZN548.H14CORE.0.P.B	0.0034116509800723544	0.0014538120619422671	0.0020682930808327985	0.0002854914631942471	0.0011256470391300274	0.004951683156312702	0.006130009458926828
REL.H14CORE.0.P.B	3.0848326647269873	1.991796634362084	4.716731547708846	0.26445296647975464	4.010668412115157	3.674621031883746	1.1063945403928004
ZNF70.H14CORE.0.PSG.A	3.6754720939549963	3.9824752422197007	5.7021466137356756	0.44968986803664013	3.942638001822146	4.103349107604691	0.30967132820832993
RARG.H14CORE.0.P.B	1.6442706202331376	2.953915823967242	1.5051550934156173	0.29224815163416956	1.2459538208713326	1.5033649533570193	1.154438649817541
HIC1.H14CORE.0.PSM.A	2.5031375285396895	0.5188230291824301	0.48158262735231167	0.17302213618435616	0.12518892802419365	5.673463309088369	2.2043799380423366
ZNF92.H14CORE.0.P.B	3.2547164862218887	7.379155376867762	1.9798083001582716	0.17687193441671367	1.114113861326863	0.45664407758435643	1.9252127835638149
SNAI1.H14CORE.0.PSM.A	4.187213591306756	1.7292327639796572	5.526421713938303	3.388028745110694	1.9720645225528637	7.105431258318791	2.410400883158829
ZBT44.H14CORE.0.P.C	5.11835850899498	9.07908195371602	1.9792477543421056	2.5125389883158555	2.74421550771559	7.516019876029624	0.7101313024936778
ZN248.H14CORE.0.P.B	4.420591130233661	1.682590579172182	1.1565322235061755	0.8004558608649317	1.4350477011366631	9.695173044172545	4.047790256040378
ZBT7B.H14CORE.0.SM.B	3.1704468370122605	4.655747850964684	0.576445265283088	2.002022164859271	1.5858373821502894	5.554939117121981	0.9601042319205165
ZNF81.H14CORE.0.P.C	2.5144957977037654	2.3449443635176874	0.6136703900088963	1.6462223802433011	1.6037932073660162	4.655519215206532	2.25936259685952
PF21A.H14CORE.0.B.B	2.1863197829168395	0.04052152050966346	0.5756744373232795	4.3771539572916245	2.806026820566606	1.132855617083509	0.17406026226228621
ZN827.H14CORE.0.SG.A	2.309166812790607	2.130226978064183	1.356420755584219	2.1568123536390384	0.3703836154643335	4.341398671769535	1.406768635153762
ZN284.H14CORE.0.P.C	3.3012500708149366	4.302067678650759	2.6694035212055907	1.0255680139953878	2.5868249089412596	5.593709909269673	0.8502748377473476
NR1H4.H14CORE.0.P.B	7.540018589877231	13.506912423466481	2.174452017954905	2.2747015940172335	1.279392461416478	12.034919190362816	1.5152441683989786
ZN264.H14CORE.0.P.B	3.12356649940115	1.0664422633544468	2.9860596293961694	0.9976931640136102	1.4171408051399528	6.144124740186399	2.780684504151092
SRBP2.H14CORE.0.S.B	1.6896460941602212	3.6306692644418055	0.7111403508374712	0.6846681419875728	0.30175031478512004	1.1689207809823685	1.2311556056712059
SP7.H14CORE.0.P.B	2.451795855489687	1.7245324796417114	2.31978776557729	4.524945965746448	1.783871600929877	1.9237246468855806	0.5952642713559505
ZNF85.H14CORE.0.P.B	3.2523739934609934	4.529471959042563	1.244684324634046	0.41901814506977786	1.0661515945667024	6.136842295879381	1.5585812366754994
ZN768.H14CORE.0.P.B	7.7054996545961565	4.703126904789185	3.1101187570634985	0.9760111296243887	2.172074266653913	17.19538184861113	4.806708534095122
GMEB2.H14CORE.0.P.C	1.618663782282562	2.9706733997675774	0.284067400197594	1.8507888334981732	1.4048940214856254	1.1748636840926578	0.18811887329746163
ZN383.H14CORE.0.P.C	3.0634130211142883	4.931502966101624	0.5656597375381923	1.5548353729257791	1.1727132240051874	4.576991226081848	2.6316697281320147
ZN316.H14CORE.0.P.C	3.9475456665663597	2.4823724863160157	2.809587369174109	1.0772477969711136	0.9746890390991365	8.383816968676857	2.65403049881242
ZNF24.H14CORE.0.P.B	4.997353333145115	6.450537789878163	1.6770311113639758	0.9356080588503474	0.1565418085335623	9.986247348911874	2.1896043020136156
ZN543.H14CORE.0.P.C	3.2180933475642073	7.306112296365086	2.267587454486295	1.3056127159376838	0.11518783456976261	0.41373166164392733	1.3139453268243702
ZBT14.H14CORE.0.P.C	3.15489849634471	2.779807110930075	2.1434314851675116	1.8044681777897795	3.051452001644471	5.814483580266801	1.0114331414659092
ZNF10.H14CORE.0.P.C	3.3560704599008035	2.602605591993738	1.9052899430986714	1.22697145647574	2.235844425433318	6.848636897916846	1.9409485688464834
IRF9.H14CORE.0.PSM.A	3.9412679326417313	4.548743548152548	3.364738202727844	3.8313315517485655	6.609082977843039	1.4241968947677988	0.8953269787957973
KMT2B.H14CORE.0.P.B	7.010426997027859	10.042579999021958	2.1532959688124933	1.964960110014438	0.518282928252523	13.427682952294777	2.2257737133114985
ZN701.H14CORE.0.P.B	5.481796399429787	4.817333105379769	3.153902577726904	4.679982973554059	0.583297294445058	10.874217859940952	2.579856670225387
ZNF26.H14CORE.0.P.B	4.858569229975341	2.4105623681003667	0.7030870047840548	1.185702448716842	1.0754855190951291	10.821877639105356	3.9564418956350464
SOX7.H14CORE.1.SM.B	2.119690987286501	0.6675580240316082	4.175682571413778	0.5013122625006026	2.9167246123982697	0.5632726127145835	0.026611116217284483
ZN561.H14CORE.0.P.C	3.2852066826205313	1.4186431002647228	4.767430995444981	2.4692668163038776	1.88265869053404	5.068317663093696	2.1644918234493202
ZN490.H14CORE.0.P.C	5.8549010324910125	1.4226825559040184	1.1401371167745717	0.023109184170451026	0.7447488217919517	13.382034209178634	4.7666795449332
ZN606.H14CORE.0.PSG.A	4.627511137723317	6.989864922514585	2.4896559850038504	4.9692628554101	5.230673032613703	4.6134661063536795	0.2982854423365157
NKX23.H14CORE.0.SM.B	6.055358873828491	3.3185315821532013	4.75581510941608	0.46421627566711904	3.85428537813521	12.546243297652424	3.7275412697692194
KLF16.H14CORE.1.P.B	2.911765949925846	2.6846697627638134	0.5953726856718948	2.640775461979807	2.2038430437943464	5.418182093166974	1.4563821325298731
FOXR2.H14CORE.0.M.C	1.9953764714127247	3.1288065576752007	1.3413393919700898	0.693475256737775	1.7875527693397346	2.884902286537429	0.5492064260843855
ZN37A.H14CORE.0.P.B	1.7288477430466496	0.5942014059378773	1.3289502969194176	0.11344794871689821	1.1546116435730618	3.612679810044076	1.1903146705310932
PKNX1.H14CORE.1.P.B	5.748601493294768	3.5942777160123485	1.9764152377346642	3.3256447401999067	4.042530692243517	12.061640604365744	2.927169943111901
SPDEF.H14CORE.0.PSM.A	7.379346410098354	9.300060312161508	3.5457767465022156	0.14718481234870132	2.4862625672772154	14.732718086811984	2.099694965371005
ZN845.H14CORE.0.PSG.A	3.382822289740523	3.523573640259884	1.558303491417761	5.21838686416267	5.00068614203857	1.066737754307348	0.6638419257519411
ZN143.H14CORE.0.P.B	1.0496414803456051	2.3684403628060453	0.4315609220766965	0.20586408655137217	0.35368298529079933	0.4445745157387634	0.670530137786484
ZN584.H14CORE.1.P.C	4.00353423419017	2.285083828978754	2.923048982693394	0.1400275336992059	2.262654602061209	7.95740261964706	3.7342234421258693
NANOG.H14CORE.2.M.C	4.520857832600579	9.278417010024095	2.771351109762978	0.42630752657450705	1.1174483068234298	5.236515374012986	0.0894537987794721
ZFP37.H14CORE.0.P.C	5.286539188620281	9.167454366361072	1.53984488098849	0.4956975473147542	0.8675066277191648	8.867356919775327	1.2819263589811996
ZN578.H14CORE.0.P.B	4.402154628679267	8.756637751065119	2.880257856024871	0.6580841486048562	2.15450513538024	5.115075045515343	0.24544323572557145
NFKB1.H14CORE.0.PS.A	3.8440107793627925	3.2528351322659317	0.7709973408097434	2.457743198354733	0.949173753308867	8.150690614923663	2.0268078326942525
S2A4R.H14CORE.0.PSG.A	4.267178474275416	8.766965502284423	2.987119302121294	0.9026880620864678	2.3921829790891826	4.08662674412448	0.48208262351504283
ZN716.H14CORE.0.P.C	3.1847681022188143	4.821595338085108	1.9944211474120581	0.9240646067420929	0.47665727268638797	5.599514956213189	1.0933090021035505
ZXDA.H14CORE.0.PSI.A	3.0823190177893056	2.395286491393011	2.4006314594441003	0.8200874280711976	2.3338425560684035	5.35256532321167	3.2763385629673323
ZN460.H14CORE.0.S.C	3.00581417326115	1.1598061582625383	0.9607854299268742	1.9950631079173935	2.3907221577484905	6.20445020355416	1.936549129109903
ZNF74.H14CORE.0.P.C	2.58662515932653	0.8886311140779506	0.359254302207164	1.3998025750072163	1.3141846765852774	5.485781021604765	2.333393954829918
GRHL1.H14CORE.1.PS.A	3.5356181988548245	1.6409503619751085	0.6210565342688783	1.8025852804361289	0.7104884637109898	7.761701373380885	2.8154983962634748
HSFY1.H14CORE.1.S.B	3.198727384700679	5.8222027889912855	0.6071743514556504	1.100338571965282	0.9475024612103191	4.988012331195653	0.36832374005310115
GTD2A.H14CORE.0.PS.A	3.5441484986586356	3.972187895952475	1.8709651030181575	5.251509147860342	5.209551800983686	0.7296964965679138	0.9148273670511579
ZSCA1.H14CORE.0.SM.B	3.5552400216857274	7.5718583192457345	1.3493319807197683	2.4072666075758504	2.0626904810471665	1.9258682844883912	1.7105733775845557
ZN251.H14CORE.0.PSGI.A	3.200828009279693	1.5832890044252623	3.9196184350483736	1.5108616318027996	4.292110226555799	4.679433085513722	0.9997899043660462
RARA.H14CORE.1.P.B	2.9304153295687074	3.5210424031393406	1.8972706375185233	1.6732582616057756	0.6407214124875892	5.5315603698468605	1.310782698321904
PIT1.H14CORE.1.S.B	3.334990604131858	6.953856224668209	0.6447776643513189	0.17626317077025294	0.2791505513899779	3.385006653725299	2.5286074362398874
ZN471.H14CORE.0.PSG.A	2.4837697864311834	1.857615131042483	0.5836945672017856	0.34868256982835183	0.32149142394267044	5.404575756216861	1.9465008127955483
ZN765.H14CORE.0.P.C	4.836751531238581	3.783258498544115	5.018402660238696	4.080638538054786	7.815115358253569	4.428562176870024	1.8782385969473991
NR1I3.H14CORE.0.P.B	4.088499933569962	6.684948467857722	2.023152478609607	0.5848096837862868	1.4746624909419808	6.922901239471328	1.0344635669161848
ZN700.H14CORE.0.PSG.A	3.9023251513549932	3.537837495419115	6.501998712819445	1.914517057327508	3.4123315494746156	4.573179596185433	0.5943183747646918
ZN141.H14CORE.0.P.C	5.1319270860742545	4.8697455795576605	5.2121674440642645	5.566249172997941	8.093208834135307	2.362177167297246	2.2529762909503157
MEF2A.H14CORE.0.P.B	2.814609793263082	0.22817472813728196	2.4404194691152066	2.570150816599444	4.102592364130737	3.958653263261388	1.5545365396725084
TET3.H14CORE.0.PSGIB.A	1.9942268895596287	1.811895063174275	2.484894972505374	1.454620636216983	0.49692430403139104	3.3509127685650917	0.9013918327454955
ZN831.H14CORE.0.PSGI.A	1.8051393920795213	1.2789206123101842	3.269216119184811	0.8370294519590064	2.1442300318229432	1.2922547646535854	0.5094058037611875
USF2.H14CORE.0.PSM.A	4.967975525801363	1.7365643245432376	1.062784981610606	7.546190870059601	4.822260359614587	7.78994100440833	1.748469303108094
CR3L4.H14CORE.1.S.C	5.005847099319181	1.8577205100292196	1.778624718848115	6.432400078589108	6.563877460888992	7.322307024832294	2.379067348391955
FIZ1.H14CORE.0.PSGI.A	6.8659449029842605	5.325942179333149	1.1864229795897165	1.7995388893705455	0.6888159624167745	15.324045067216922	3.8124496080948296
ETV7.H14CORE.1.P.C	7.3259181173756245	13.254963908729115	0.49587313604100264	3.178549106353672	1.522161570537361	11.50645703778086	1.120622753462016
SPI1.H14CORE.0.P.B	5.391998957166511	4.1839293452288935	1.011529199369016	0.4403778021341532	0.5355918694650426	11.712782385891837	4.271229092305535
NFAC4.H14CORE.1.SM.B	3.739709754008112	7.478554792004336	1.341028098823217	2.828476609067275	0.4125593517802451	4.244378253788293	0.014290503247389995
ZN627.H14CORE.0.P.C	3.9407732500644936	5.1828735589665005	1.0408068106550972	4.6302857660350965	3.881888661346921	4.573300520763042	2.794462774443523
GLI2.H14CORE.0.PSM.A	5.602527494506246	6.252410916028846	0.8648531635917265	2.681041779006315	2.114862604463875	11.306481574785543	2.998686086478089
ZN530.H14CORE.0.P.B	5.717636850511197	5.832756165447874	4.037702717215491	1.8467262796174526	4.427669639163605	10.875220513558004	2.1305073583182925
NRF1.H14CORE.0.PS.A	14.134076177470353	7.476010284063792	2.0487493337292415	1.3214901453356804	1.1100947750436254	32.94959954533215	7.063270908847778
ZN317.H14CORE.0.P.B	3.09028590638661	7.0508613567888565	0.013254408116904877	1.8082464031442669	0.8895823772185811	1.499644812614473	1.1288639966505283
ZBT37.H14CORE.0.M.C	0.9810454563038117	1.8678714353745338	0.43351584913214647	0.20857905812205657	0.4173581383159772	1.0406786459184612	0.8928137265370047
ZN174.H14CORE.0.M.C	5.849823134578935	5.279048016631901	1.8489060388432748	1.6700359115239323	0.9231331436223346	12.492770214058236	3.7848752112663973
TIGD7.H14CORE.0.SGIB.A	3.293334725350254	3.1186740294200623	5.074991516429172	0.5224942282321562	4.370511710978704	2.657053735369225	1.7777366786457127
TEAD1.H14CORE.0.PSM.A	1.4988086348193355	0.7192998374409914	0.25365779994123333	2.5328668146565754	2.153888830325455	1.2512950436252626	0.5257744068037998
TAL1.H14CORE.1.P.B	6.085124021891939	5.013261516720072	0.9899530893322283	1.1696815567958372	1.1668911733875447	13.319268885276143	3.9908513407053747
CTCF.H14CORE.0.P.B	3.2878558647795795	2.5312032907287474	3.6060566008847856	1.5856542680107626	1.939570277544462	5.901643057119246	2.084159236904329
ZN320.H14CORE.1.P.B	1.696570822985891	1.9722829784575784	1.480604890306672	0.7082571813821711	0.9251412263537072	2.77018386068895	1.4685336940051519
Z780A.H14CORE.0.P.C	4.4243879103839525	7.677936797833944	2.923414395691439	1.7042185196292954	3.14060916370903	6.086625393666018	0.37334933266441483
ZN347.H14CORE.0.PSGI.A	5.7858166626165595	11.020696065226515	2.148236409258515	3.8438531664284685	3.5685681433356633	6.875517554734806	0.027529695723803822
ZN791.H14CORE.0.P.C	5.75170901572043	8.27234744244109	3.037755715402893	2.2242702460502426	3.3152623080816768	10.033903503150347	2.0532135312259405
STF1.H14CORE.0.PSM.A	2.062007890123488	2.568219688801251	0.8809804684378553	2.938323051750965	2.8206355572213906	0.7527785099413413	0.9914522125304432
ZN449.H14CORE.0.P.B	4.030306501057958	4.186572518429063	0.12216957853905079	4.423246014920692	3.149198155292847	6.928545210707555	1.5590429853612475
HINFP.H14CORE.0.P.B	3.12218627649954	3.4504380561030024	0.7122901425390136	3.291097053131343	1.6398788946315839	5.068338313499123	2.620463123674746
PO3F2.H14CORE.2.SM.B	2.2449929470231513	3.9806237650960874	2.377954807880868	2.7043211748435176	0.05853008470033791	0.5738235201462638	1.0458839064330139
ZNF28.H14CORE.0.P.C	6.517455293833984	14.21502215846633	1.3696916455556434	5.480619364251042	3.8160049511451732	1.173587807271064	2.2235197612818136
HM20A.H14CORE.0.SB.A	3.14547813061578	0.7201780537568121	2.842149535115368	0.21208928096376042	2.525782293880068	6.079502101156219	2.7171348429702107
MBD3.H14CORE.0.P.B	4.898625591227052	8.796090644245153	0.13322331456783973	5.849096397814282	3.6588053821417965	4.346712488313874	0.31231726408955224
ZFP28.H14CORE.0.P.B	3.630968762546022	4.044099458850218	0.4429380215397591	0.3643613521397222	0.2796161552291962	7.534028564391456	2.3622319118255817
ZN560.H14CORE.0.P.C	1.5219499578944702	1.9152669961683604	0.7409881661509745	0.31871248090532195	0.3748992428723382	2.8417365425782193	1.1675124204079488
ZN485.H14CORE.0.P.C	2.0272480466879066	0.5397176750936992	1.4640097874821343	3.0511625146513754	1.252128693277221	3.1214435464392087	1.26608027438972
ZN132.H14CORE.0.P.C	2.0636836762849238	2.457996910107857	1.027707453465115	3.273485184396876	1.5500784072552134	2.2983872303716573	0.23190147205530584
TTF1.H14CORE.0.PS.A	3.054095972519364	3.251808402984575	0.12364924486034704	0.09526149965613331	0.112606404251784	6.437082638831276	1.979312601874726
